id,name,plnt_typ,gro_trig,nfix_co,days_mat,bm_e,harv_idx,lai_pot,frac_hu1,lai_max1,frac_hu2,lai_max2,hu_lai_decl,dlai_rate,can_ht_max,rt_dp_max,tmp_opt,tmp_base,frac_n_yld,frac_p_yld,frac_n_em,frac_n_50,frac_n_mat,frac_p_em,frac_p_50,frac_p_mat,harv_idx_ws,usle_c_min,stcon_max,vpd,frac_stcon,ru_vpd,co2_hi,bm_e_hi,plnt_decomp,lai_min,bm_tree_acc,yrs_mat,bm_tree_max,ext_co,leaf_tov_mn,leaf_tov_mx,bm_dieoff,rt_st_beg,rt_st_end,plnt_pop1,frac_lai1,plnt_pop2,frac_lai2,frac_sw_gro,aeration,rsd_pctcov,rsd_covfac,description
1,agrc,cold_annual,temp_gro,0.0,110.0,30.0,0.4,4.0,0.05,0.05,0.45,0.95,0.5,1.0,0.9,1.3,18.0,0.0,0.025,0.0022,0.0663,0.0255,0.0148,0.0053,0.002,0.0012,0.2,0.03,0.006,4.0,0.75,6.0,660.0,39.0,0.05,0.0,0.0,0.0,0.0,0.65,12.0,3.0,0.1,0.4,0.2,0.0,0.0,0.0,0.0,0.5,0.2,0.53,0.028,agricultural_land_close_grown
2,agrl,warm_annual,temp_gro,0.0,110.0,33.5,0.45,3.0,0.15,0.05,0.5,0.95,0.64,1.0,1.0,2.0,30.0,11.0,0.0199,0.0032,0.044,0.0164,0.0128,0.006,0.0022,0.0018,0.25,0.2,0.005,4.0,0.75,8.5,660.0,36.0,0.05,0.0,0.0,0.0,0.0,0.65,12.0,3.0,0.1,0.4,0.2,0.0,0.0,0.0,0.0,0.5,0.2,0.35,0.05,agricultural_land_generic
3,agrr,warm_annual,temp_gro,0.0,110.0,39.0,0.5,3.0,0.15,0.05,0.5,0.95,0.7,1.0,2.5,2.0,25.0,8.0,0.014,0.0016,0.047,0.0177,0.0138,0.0048,0.0018,0.0014,0.3,0.2,0.007,4.0,0.75,7.2,660.0,45.0,0.05,0.0,0.0,0.0,0.0,0.65,12.0,3.0,0.1,0.4,0.2,0.0,0.0,0.0,0.0,0.5,0.2,0.35,0.05,agricultural_land_row
4,alfa,perennial,temp_gro,0.5,0.0,20.0,0.02,4.0,0.15,0.01,0.5,0.95,0.9,0.5,0.9,3.0,20.0,4.0,0.025,0.0035,0.0417,0.029,0.02,0.0035,0.0028,0.002,0.9,0.01,0.01,4.0,0.75,10.0,660.0,35.0,0.05,2.0,0.3,2.0,30.0,0.65,12.0,3.0,0.1,0.4,0.2,0.0,0.0,0.0,0.0,0.5,0.2,0.5,0.07,alfalfa
5,almd,perennial,temp_gro,0.0,0.0,16.1,0.05,1.2,0.05,0.05,0.4,0.95,0.99,1.0,6.0,3.5,30.0,10.0,0.0015,0.0003,0.02,0.01,0.008,0.0007,0.0004,0.0003,0.01,0.001,0.0036,4.0,0.75,8.0,660.0,18.0,0.05,0.75,0.3,10.0,50.0,0.61,12.0,3.0,0.1,0.4,0.2,0.0,0.0,0.0,0.0,0.5,0.2,0.35,0.07,almond
6,appl,perennial,temp_gro,0.0,0.0,13.5,0.9,4.0,0.1,0.15,0.5,0.75,0.99,1.0,3.5,2.0,22.0,7.0,0.0019,0.0004,0.006,0.002,0.0015,0.0007,0.0004,0.0003,0.09,0.001,0.007,4.0,0.75,8.0,660.0,20.0,0.05,0.75,0.3,10.0,50.0,0.65,12.0,3.0,0.1,0.4,0.2,0.0,0.0,0.0,0.0,0.5,0.2,0.35,0.07,apple
7,aspn,perennial,temp_gro,0.0,0.0,30.0,0.02,5.0,5.0,0.05,40.0,0.95,0.99,1.0,27.0,3.0,30.0,10.0,0.0015,0.0003,0.005,0.003,0.002,0.0005,0.0004,0.0003,0.0,0.001,0.0007,-6.5,1.0,8.0,660.0,35.0,0.05,0.75,0.3,50.0,100.0,0.64,12.0,3.0,0.1,0.4,0.2,0.0,0.0,0.0,0.0,0.5,0.2,0.35,0.07,aspen
8,aspr,perennial,temp_gro,0.0,0.0,90.0,0.02,4.2,0.25,0.23,0.4,0.86,1.0,0.1,0.5,2.0,24.0,10.0,0.063,0.0067,0.062,0.05,0.04,0.005,0.004,0.002,0.95,0.2,0.006,4.0,0.75,5.0,660.0,95.0,0.05,0.1,0.1,1.0,20.0,0.65,12.0,3.0,0.1,0.4,0.2,0.0,0.0,0.0,0.0,0.5,0.2,0.5,0.024,asparagus
9,bana,perennial,temp_gro,0.0,0.0,30.0,0.44,4.5,0.05,0.05,0.4,0.95,0.99,1.0,7.5,3.5,30.0,10.0,0.0064,0.0008,0.06,0.032,0.016,0.003,0.002,0.001,0.01,0.001,0.0036,4.0,0.75,8.0,660.0,31.0,0.05,0.75,0.3,10.0,50.0,0.45,12.0,3.0,0.1,0.4,0.2,0.0,0.0,0.0,0.0,0.5,0.2,0.35,0.07,banana
10,barl,cold_annual,temp_gro,0.0,105.0,35.0,0.54,4.0,0.15,0.01,0.45,0.95,0.6,1.0,1.2,1.3,25.0,0.0,0.021,0.0017,0.059,0.0226,0.0131,0.0057,0.0022,0.0013,0.2,0.01,0.008,4.0,0.75,7.0,660.0,45.0,0.05,0.0,0.0,0.0,0.0,0.65,12.0,3.0,0.1,0.4,0.2,0.0,0.0,0.0,0.0,0.5,0.2,0.53,0.028,spring_barley
11,barl100,cold_annual,temp_gro,0.0,100.0,35.0,0.54,4.0,0.15,0.01,0.45,0.95,0.6,1.0,1.2,1.3,25.0,0.0,0.021,0.0017,0.059,0.0226,0.0131,0.0057,0.0022,0.0013,0.2,0.01,0.008,4.0,0.75,7.0,660.0,45.0,0.05,0.0,0.0,0.0,0.0,0.65,12.0,3.0,0.1,0.4,0.2,0.0,0.0,0.0,0.0,0.5,0.2,0.53,0.028,spring_barley
12,barl105,cold_annual,temp_gro,0.0,105.0,35.0,0.54,4.0,0.15,0.01,0.45,0.95,0.6,1.0,1.2,1.3,25.0,0.0,0.021,0.0017,0.059,0.0226,0.0131,0.0057,0.0022,0.0013,0.2,0.01,0.008,4.0,0.75,7.0,660.0,45.0,0.05,0.0,0.0,0.0,0.0,0.65,12.0,3.0,0.1,0.4,0.2,0.0,0.0,0.0,0.0,0.5,0.2,0.53,0.028,spring_barley
13,barn,perennial,temp_gro,0.0,0.0,10.0,0.9,3.0,0.05,0.1,0.25,0.7,0.35,1.0,1.0,2.0,28.0,5.0,0.016,0.0022,0.02,0.012,0.005,0.0014,0.001,0.0007,0.9,0.003,0.005,4.0,0.75,10.0,660.0,39.0,0.05,0.05,0.3,30.0,18.0,0.33,12.0,3.0,0.1,0.4,0.2,0.0,0.0,0.0,0.0,0.5,0.2,0.35,0.024,sparsely_vegetated
14,bbls,perennial,temp_gro,0.0,0.0,14.0,0.02,3.0,0.05,0.1,0.25,0.7,0.35,1.0,1.0,2.0,25.0,12.0,0.016,0.0022,0.02,0.012,0.005,0.0014,0.001,0.0007,0.9,0.003,0.005,4.0,0.75,10.0,660.0,39.0,0.05,2.0,0.3,2.0,30.0,0.36,12.0,3.0,0.1,0.4,0.2,22.0,0.05,40.0,0.71,0.5,0.2,0.5,0.07,big_bluestem
15,berm,perennial,temp_gro,0.0,0.0,35.0,0.02,4.0,0.05,0.05,0.49,0.95,0.99,1.0,0.5,2.0,25.0,12.0,0.0234,0.0033,0.06,0.0231,0.0134,0.0084,0.0032,0.0019,0.9,0.003,0.005,4.0,0.75,10.0,660.0,36.0,0.05,2.0,0.3,2.0,30.0,1.0,12.0,3.0,0.1,0.4,0.2,0.0,0.0,0.0,0.0,0.5,0.2,0.0,0.07,bermudagrass
16,blue,perennial,temp_gro,0.0,90.0,15.0,0.3,1.5,0.1,0.15,0.5,0.75,0.99,1.0,1.5,1.5,30.0,16.0,0.0019,0.0004,0.006,0.002,0.0015,0.0007,0.0004,0.0003,0.3,0.1,0.007,4.0,0.75,8.0,660.35,40.0,0.05,0.0,0.3,0.0,0.0,0.65,12.0,3.0,0.1,0.4,0.2,0.0,0.0,0.0,0.0,0.5,0.2,0.5,0.024,blueberries
17,blug,perennial,temp_gro,0.0,0.0,18.0,0.02,2.0,0.05,0.05,0.3,0.7,0.35,1.0,0.2,1.4,25.0,12.0,0.016,0.0022,0.02,0.01,0.006,0.0014,0.001,0.0007,0.9,0.003,0.005,4.0,0.75,10.0,660.0,31.0,0.05,2.0,0.3,2.0,30.0,1.1,12.0,3.0,0.1,0.4,0.2,0.0,0.0,0.0,0.0,0.5,0.2,0.5,0.07,kentucky_bluegrass
18,broc,cold_annual,temp_gro,0.0,90.0,37.3,0.23,4.83,0.17,0.18,0.67,0.62,0.75,0.1,0.5,0.6,16.0,0.0,0.0512,0.0071,0.062,0.009,0.007,0.005,0.004,0.003,0.2,0.2,0.006,4.0,0.75,5.0,660.0,30.0,0.05,0.0,0.0,0.0,0.0,0.65,12.0,3.0,0.1,0.4,0.2,0.0,0.0,0.0,0.0,0.5,0.2,0.5,0.024,broccoli
19,brom,perennial,temp_gro,0.0,0.0,35.0,0.02,3.0,0.45,0.02,0.8,0.95,0.85,1.0,0.8,1.3,25.0,6.0,0.0234,0.0033,0.04,0.024,0.016,0.0028,0.0017,0.0011,0.9,0.003,0.005,4.0,0.75,8.0,660.0,45.0,0.05,2.0,0.3,2.0,30.0,0.65,12.0,3.0,0.1,0.4,0.2,0.0,0.0,0.0,0.0,0.5,0.2,0.5,0.07,meadow_bromegrass
20,bros,perennial,temp_gro,0.0,0.0,35.0,0.02,5.0,0.15,0.01,0.5,0.95,0.85,1.0,1.2,2.0,25.0,8.0,0.0234,0.0033,0.04,0.024,0.016,0.0028,0.0017,0.0011,0.9,0.003,0.003,4.0,0.75,8.0,660.0,45.0,0.05,2.0,0.3,2.0,30.0,0.65,12.0,3.0,0.1,0.4,0.2,0.0,0.0,0.0,0.0,0.5,0.2,0.5,0.07,smooth_bromegrass
21,bsvg,perennial,temp_gro,0.0,0.0,34.0,0.02,1.5,0.05,0.1,0.25,0.7,0.35,1.0,1.0,2.0,25.0,12.0,0.016,0.0022,0.02,0.012,0.005,0.0014,0.001,0.0007,0.9,0.003,0.005,4.0,0.75,10.0,660.0,39.0,0.05,0.15,39.0,61.0,74.0,0.8,12.0,3.0,0.0,0.4,0.2,0.0,0.0,0.0,0.0,0.5,0.2,0.5,0.07,barren_or_sparsley_vegetated
22,cabg,perennial,temp_gro,0.0,90.0,40.0,0.8,3.0,0.34,0.09,0.78,0.99,0.9,0.1,0.33,0.6,19.0,0.0,0.0259,0.0031,0.062,0.007,0.004,0.005,0.0035,0.002,0.8,0.2,0.006,4.0,0.75,5.0,660.0,25.0,0.05,0.0,0.8,0.0,0.0,0.65,12.0,3.0,0.1,0.4,0.2,0.0,0.0,0.0,0.0,0.5,0.2,0.5,0.024,cabbage
23,cana,warm_annual,temp_gro,0.0,100.0,34.0,0.3,4.5,0.15,0.02,0.45,0.95,0.5,0.3,1.3,1.4,21.0,5.0,0.038,0.0079,0.044,0.0164,0.0128,0.0074,0.0037,0.0023,0.01,0.2,0.006,4.0,0.75,10.0,660.0,40.0,0.05,0.0,0.0,0.0,0.0,0.65,12.0,3.0,0.1,0.4,0.2,0.0,0.0,0.0,0.0,0.5,0.2,0.53,0.028,spring_canola_argentine
24,cang,perennial,temp_gro,0.0,0.0,35.0,0.1,5.0,5.0,0.17,40.0,0.9,0.5,1.0,1.0,0.2,25.0,3.0,0.016,0.0022,0.35,0.015,0.0038,0.0014,0.001,0.0007,0.01,0.001,0.0074,-6.5,1.0,8.0,660.0,54.0,0.05,0.01,0.3,10.0,50.0,0.33,12.0,3.0,0.1,0.4,0.2,0.0,0.0,0.0,0.0,0.5,0.2,0.5,0.07,canary_grass
25,canp,warm_annual,temp_gro,0.0,100.0,34.0,0.23,3.5,0.15,0.02,0.45,0.95,0.5,1.0,0.9,0.9,21.0,5.0,0.038,0.0079,0.044,0.0164,0.0128,0.0074,0.0037,0.0023,0.01,0.2,0.006,4.0,0.75,10.0,660.0,39.0,0.05,0.0,0.0,0.0,0.0,0.65,12.0,3.0,0.1,0.4,0.2,0.0,0.0,0.0,0.0,0.5,0.2,0.53,0.028,spring_canola_polish
26,cant,warm_annual,temp_gro,0.0,90.0,30.0,0.5,3.0,0.15,0.05,0.5,0.95,0.6,1.0,0.5,1.2,35.0,15.0,0.0138,0.0017,0.0663,0.0255,0.0148,0.0053,0.002,0.0012,0.25,0.03,0.006,4.0,0.75,3.0,660.0,39.0,0.05,0.0,0.0,0.0,0.0,0.65,12.0,3.0,0.1,0.4,0.2,0.0,0.0,0.0,0.0,0.5,0.2,0.5,0.024,cantaloupe
27,cash,perennial,temp_gro,0.0,0.0,15.0,0.15,4.0,0.1,0.15,0.5,0.75,0.99,1.0,3.5,2.0,20.0,7.0,0.0019,0.0004,0.006,0.002,0.0015,0.0007,0.0004,0.0003,0.05,0.001,0.0071,4.0,0.75,3.0,660.0,20.0,0.05,0.75,0.3,10.0,50.0,0.65,12.0,3.0,0.1,0.4,0.2,0.0,0.0,0.0,0.0,0.5,0.2,0.5,0.07,cashews
28,cass,cold_annual,temp_gro,0.0,0.0,25.0,0.02,4.0,0.15,0.01,0.5,0.95,0.6,1.0,0.6,0.6,22.0,7.0,0.0246,0.0023,0.055,0.02,0.012,0.006,0.0025,0.0019,0.95,0.2,0.005,4.0,0.75,14.8,660.0,30.0,0.05,0.0,0.0,0.0,0.0,0.65,12.0,3.0,0.1,0.4,0.2,0.0,0.0,0.0,0.0,0.5,0.2,0.5,0.07,cassava
29,cauf,cold_annual,temp_gro,0.0,90.0,21.0,0.02,2.5,0.25,0.23,0.4,0.86,1.0,0.1,0.5,0.6,18.0,5.0,0.0411,0.0059,0.062,0.007,0.004,0.005,0.0035,0.002,0.95,0.2,0.006,4.0,0.75,5.0,660.0,25.0,0.05,0.0,0.0,0.0,0.0,0.65,12.0,3.0,0.1,0.4,0.2,0.0,0.0,0.0,0.0,0.5,0.2,0.5,0.024,cauliflower
30,cedr,perennial,temp_gro,0.0,0.0,16.0,0.01,12.0,20.0,0.2,99.0,0.99,0.99,1.0,12.0,3.5,30.0,10.0,0.0015,0.0003,0.006,0.002,0.0015,0.0007,0.0004,0.0003,0.0,0.001,0.007,-3.5,1.0,8.0,660.0,15.0,0.05,0.75,0.3,50.0,100.0,0.37,12.0,3.0,0.1,0.4,0.2,0.0,0.0,0.0,0.0,0.5,0.2,0.5,0.07,cedar
31,celr,perennial,temp_gro,0.0,0.0,27.0,0.02,2.5,0.25,0.23,0.4,0.86,1.0,0.1,0.5,0.6,22.0,4.0,0.0199,0.0049,0.062,0.015,0.01,0.006,0.005,0.003,0.95,0.2,0.006,4.0,0.75,5.0,660.0,30.0,0.05,0.1,0.1,1.0,20.0,0.65,12.0,3.0,0.1,0.4,0.2,0.0,0.0,0.0,0.0,0.5,0.2,0.5,0.024,celery
32,cher,perennial,temp_gro,0.0,0.0,15.0,0.1,4.0,0.1,0.15,0.5,0.75,0.99,1.0,3.5,2.0,28.0,7.0,0.0019,0.0004,0.006,0.002,0.0015,0.0007,0.0004,0.0003,0.1,0.001,0.007,4.0,0.75,3.0,660.0,20.0,0.05,0.75,0.3,10.0,500.0,0.65,12.0,3.0,0.1,0.4,0.2,0.0,0.0,0.0,0.0,0.5,0.2,0.35,0.35,cherries
33,clva,perennial,temp_gro,0.5,0.0,25.0,0.02,4.0,0.15,0.01,0.5,0.95,0.75,1.0,0.9,2.0,15.0,1.0,0.06,0.004,0.06,0.028,0.024,0.006,0.0025,0.0025,0.9,0.003,0.005,4.0,0.75,10.0,660.0,30.0,0.05,2.0,0.3,2.0,30.0,0.55,12.0,3.0,0.1,0.4,0.2,0.0,0.0,0.0,0.0,0.5,0.2,0.5,0.07,alsike_clover
34,clvr,cold_annual,temp_gro,0.5,110.0,25.0,0.02,4.0,0.15,0.01,0.5,0.95,0.75,10.0,0.75,1.5,15.0,1.0,0.065,0.004,0.065,0.028,0.0243,0.006,0.0024,0.0024,0.9,0.003,0.006,4.0,0.75,10.0,660.0,30.0,0.05,0.0,0.0,0.0,0.0,0.55,12.0,3.0,0.1,0.4,0.2,0.0,0.0,0.0,0.0,0.5,0.2,0.5,0.07,red_clover
35,clvs,perennial,temp_gro,0.5,0.0,25.0,0.02,4.0,0.15,0.01,0.5,0.95,0.75,1.0,1.5,2.4,15.0,1.0,0.065,0.004,0.065,0.028,0.0243,0.006,0.0024,0.0024,0.9,0.003,0.005,4.0,0.75,10.0,660.0,30.0,0.05,2.0,0.3,2.0,30.0,0.55,12.0,3.0,0.1,0.4,0.2,0.0,0.0,0.0,0.0,0.5,0.2,0.5,0.07,sweetclover
36,cngr,perennial,temp_gro,0.0,0.0,35.0,0.1,5.0,5.0,0.05,50.0,0.99,0.54,1.0,0.7,1.3,25.0,6.0,0.065,0.0091,0.0524,0.0265,0.0258,0.0074,0.0037,0.0035,0.01,0.001,0.007,-6.5,1.0,8.0,660.0,43.0,0.05,0.01,0.3,10.0,50.0,0.7,12.0,3.0,0.1,0.4,0.2,0.0,0.0,0.0,0.0,0.5,0.2,0.5,0.07,canada_grass
37,cocb,warm_annual,temp_gro,0.0,100.0,33.0,0.4,5.8,0.15,0.5,0.5,0.95,0.6,1.0,1.0,2.0,25.0,10.0,0.65,0.0091,0.03,0.0265,0.0258,0.0074,0.0037,0.0035,0.2,0.001,0.007,4.0,0.75,8.0,660.0,45.0,0.05,0.01,1.0,10.0,50.0,0.6,12.0,3.0,0.99,0.4,0.2,0.0,0.0,0.0,0.0,0.5,0.2,0.5,0.05,cockle_burr
38,coco,perennial,temp_gro,0.0,0.0,24.0,0.56,5.0,0.15,0.7,0.25,0.99,0.99,1.0,10.0,3.5,30.0,0.0,0.0015,0.0003,0.006,0.002,0.0015,0.0007,0.0004,0.0003,0.6,0.001,0.0019,4.0,0.75,8.0,660.0,16.0,0.05,0.75,0.3,30.0,100.0,0.65,12.0,3.0,0.0,0.4,0.2,0.0,0.0,0.0,0.0,0.5,0.2,0.5,0.07,coconut_tree
39,coct,perennial,temp_gro,0.0,0.0,15.0,0.56,3.5,0.15,0.05,0.5,0.99,0.9,1.0,10.0,3.5,30.0,10.0,0.0015,0.003,0.006,0.002,0.0015,0.0007,0.0004,0.0003,0.05,0.001,0.007,4.75,0.5,8.0,660.0,45.0,0.05,0.75,0.3,10.0,200.0,0.45,12.0,3.0,0.1,0.4,0.2,0.0,0.0,0.0,0.0,0.5,0.2,0.5,0.07,cocoa_tree
40,coff,perennial,temp_gro,0.0,0.0,10.0,0.15,1.35,0.05,0.05,0.4,0.95,0.99,1.0,2.0,2.0,30.0,10.0,0.0015,0.0003,0.02,0.01,0.008,0.0007,0.0004,0.0003,0.01,0.001,0.0036,4.0,0.75,8.0,660.0,18.0,0.05,0.75,0.3,10.0,50.0,0.61,12.0,3.0,0.1,0.4,0.2,0.0,0.0,0.0,0.0,0.5,0.2,0.5,0.07,coffee
41,colg,warm_annual,temp_gro,0.0,90.0,23.0,0.8,4.2,0.25,0.23,0.4,0.86,1.0,1.0,0.2,0.8,18.2,4.4,0.0394,0.0049,0.05,0.025,0.021,0.0084,0.0032,0.0019,0.8,0.01,0.0122,4.0,0.75,0.5,660.31,25.0,0.05,0.0,0.0,0.0,0.0,0.65,12.0,3.0,0.1,0.4,0.2,0.0,0.0,0.0,0.0,0.5,0.2,0.5,0.024,collard_greens
42,corn,warm_annual,temp_gro,0.0,120.0,40.0,0.55,6.0,0.15,0.15,0.5,0.95,0.8,0.1,2.5,2.0,25.0,8.0,0.0175,0.0025,0.044,0.0164,0.0128,0.0062,0.0023,0.0018,0.3,0.14,0.007,4.0,0.75,7.2,660.0,45.0,0.05,0.0,0.0,0.0,0.0,0.65,12.0,3.0,0.1,0.4,0.2,0.0,0.0,0.0,0.0,0.5,0.2,0.34,0.05,corn
43,corn100,warm_annual,temp_gro,0.0,100.0,40.0,0.55,6.0,0.15,0.15,0.5,0.95,0.8,0.1,2.5,2.0,25.0,8.0,0.0175,0.0025,0.044,0.0164,0.0128,0.0062,0.0023,0.0018,0.3,0.14,0.007,4.0,0.75,7.2,660.0,45.0,0.05,0.0,0.0,0.0,0.0,0.65,12.0,3.0,0.1,0.4,0.2,0.0,0.0,0.0,0.0,0.5,0.2,0.34,0.05,corn
44,corn110,warm_annual,temp_gro,0.0,110.0,40.0,0.55,6.0,0.15,0.15,0.5,0.95,0.8,0.1,2.5,2.0,25.0,8.0,0.0175,0.0025,0.044,0.0164,0.0128,0.0062,0.0023,0.0018,0.3,0.14,0.007,4.0,0.75,7.2,660.0,45.0,0.05,0.0,0.0,0.0,0.0,0.65,12.0,3.0,0.1,0.4,0.2,0.0,0.0,0.0,0.0,0.5,0.2,0.34,0.05,corn
45,corn120,warm_annual,temp_gro,0.0,120.0,40.0,0.55,6.0,0.15,0.15,0.5,0.95,0.8,0.1,2.5,2.0,25.0,8.0,0.0175,0.0025,0.044,0.0164,0.0128,0.0062,0.0023,0.0018,0.3,0.14,0.007,4.0,0.75,7.2,660.0,45.0,0.05,0.0,0.0,0.0,0.0,0.65,12.0,3.0,0.1,0.4,0.2,0.0,0.0,0.0,0.0,0.5,0.2,0.34,0.05,corn
46,corn50,warm_annual,temp_gro,0.0,50.0,40.0,0.55,6.0,0.15,0.15,0.5,0.95,0.8,0.1,2.5,2.0,25.0,8.0,0.0175,0.0025,0.044,0.0164,0.0128,0.0062,0.0023,0.0018,0.3,0.14,0.007,4.0,0.75,7.2,660.0,45.0,0.05,0.0,0.0,0.0,0.0,0.65,12.0,3.0,0.1,0.4,0.2,0.0,0.0,0.0,0.0,0.5,0.2,0.34,0.05,corn
47,corn90,warm_annual,temp_gro,0.0,90.0,40.0,0.55,6.0,0.15,0.15,0.5,0.95,0.8,0.1,2.5,2.0,25.0,8.0,0.0175,0.0025,0.044,0.0164,0.0128,0.0062,0.0023,0.0018,0.3,0.14,0.007,4.0,0.75,7.2,660.0,45.0,0.05,0.0,0.0,0.0,0.0,0.65,12.0,3.0,0.1,0.4,0.2,0.0,0.0,0.0,0.0,0.5,0.2,0.34,0.05,corn
48,cotp,warm_annual,temp_gro,0.0,180.0,15.0,0.4,4.0,0.15,0.01,0.5,0.95,0.95,0.5,1.0,2.5,30.0,15.0,0.019,0.0029,0.058,0.0192,0.0177,0.0081,0.0027,0.0025,0.3,0.2,0.009,4.0,0.75,3.0,660.0,19.0,0.05,0.0,0.0,0.0,0.0,0.65,12.0,3.0,0.1,0.4,0.2,0.0,0.0,0.0,0.0,0.5,0.2,0.2,0.05,cotton_p
49,cotp135,warm_annual,temp_gro,0.0,135.0,15.0,0.4,4.0,0.15,0.01,0.5,0.95,0.95,0.5,1.0,2.5,30.0,15.0,0.019,0.0029,0.058,0.0192,0.0177,0.0081,0.0027,0.0025,0.3,0.2,0.009,4.0,0.75,3.0,660.0,19.0,0.05,0.0,0.0,0.0,0.0,0.65,12.0,3.0,0.1,0.4,0.2,0.0,0.0,0.0,0.0,0.5,0.2,0.2,0.05,cotton_p
50,cotp145,warm_annual,temp_gro,0.0,145.0,15.0,0.4,4.0,0.15,0.01,0.5,0.95,0.95,0.5,1.0,2.5,30.0,15.0,0.019,0.0029,0.058,0.0192,0.0177,0.0081,0.0027,0.0025,0.3,0.2,0.009,4.0,0.75,3.0,660.0,19.0,0.05,0.0,0.0,0.0,0.0,0.65,12.0,3.0,0.1,0.4,0.2,0.0,0.0,0.0,0.0,0.5,0.2,0.2,0.05,cotton_p
51,cotp155,warm_annual,temp_gro,0.0,155.0,15.0,0.4,4.0,0.15,0.01,0.5,0.95,0.95,0.5,1.0,2.5,30.0,15.0,0.019,0.0029,0.058,0.0192,0.0177,0.0081,0.0027,0.0025,0.3,0.2,0.009,4.0,0.75,3.0,660.0,19.0,0.05,0.0,0.0,0.0,0.0,0.65,12.0,3.0,0.1,0.4,0.2,0.0,0.0,0.0,0.0,0.5,0.2,0.2,0.05,cotton_p
52,cotp180,warm_annual,temp_gro,0.0,180.0,15.0,0.4,4.0,0.15,0.01,0.5,0.95,0.95,0.5,1.0,2.5,30.0,15.0,0.019,0.0029,0.058,0.0192,0.0177,0.0081,0.0027,0.0025,0.3,0.2,0.009,4.0,0.75,3.0,660.0,19.0,0.05,0.0,0.0,0.0,0.0,0.65,12.0,3.0,0.1,0.4,0.2,0.0,0.0,0.0,0.0,0.5,0.2,0.2,0.05,cotton_p
53,cots,warm_annual,temp_gro,0.0,180.0,15.0,0.5,4.0,0.15,0.01,0.5,0.95,0.95,0.5,1.0,2.5,30.0,15.0,0.014,0.002,0.058,0.0192,0.0177,0.0081,0.0027,0.0025,0.4,0.2,0.009,4.0,0.75,3.0,660.0,19.0,0.05,0.0,0.0,0.0,0.0,0.65,12.0,3.0,0.1,0.4,0.2,0.0,0.0,0.0,0.0,0.5,0.2,0.2,0.05,cotton_s
54,cots135,warm_annual,temp_gro,0.0,135.0,15.0,0.5,4.0,0.15,0.01,0.5,0.95,0.95,0.5,1.0,2.5,30.0,15.0,0.014,0.002,0.058,0.0192,0.0177,0.0081,0.0027,0.0025,0.4,0.2,0.009,4.0,0.75,3.0,660.0,19.0,0.05,0.0,0.0,0.0,0.0,0.65,12.0,3.0,0.1,0.4,0.2,0.0,0.0,0.0,0.0,0.5,0.2,0.2,0.05,cotton_s
55,cots145,warm_annual,temp_gro,0.0,145.0,15.0,0.5,4.0,0.15,0.01,0.5,0.95,0.95,0.5,1.0,2.5,30.0,15.0,0.014,0.002,0.058,0.0192,0.0177,0.0081,0.0027,0.0025,0.4,0.2,0.009,4.0,0.75,3.0,660.0,19.0,0.05,0.0,0.0,0.0,0.0,0.65,12.0,3.0,0.1,0.4,0.2,0.0,0.0,0.0,0.0,0.5,0.2,0.2,0.05,cotton_s
56,cots155,warm_annual,temp_gro,0.0,155.0,15.0,0.5,4.0,0.15,0.01,0.5,0.95,0.95,0.5,1.0,2.5,30.0,15.0,0.014,0.002,0.058,0.0192,0.0177,0.0081,0.0027,0.0025,0.4,0.2,0.009,4.0,0.75,3.0,660.0,19.0,0.05,0.0,0.0,0.0,0.0,0.65,12.0,3.0,0.1,0.4,0.2,0.0,0.0,0.0,0.0,0.5,0.2,0.2,0.05,cotton_s
57,cots180,warm_annual,temp_gro,0.0,180.0,15.0,0.5,4.0,0.15,0.01,0.5,0.95,0.95,0.5,1.0,2.5,30.0,15.0,0.014,0.002,0.058,0.0192,0.0177,0.0081,0.0027,0.0025,0.4,0.2,0.009,4.0,0.75,3.0,660.0,19.0,0.05,0.0,0.0,0.0,0.0,0.65,12.0,3.0,0.1,0.4,0.2,0.0,0.0,0.0,0.0,0.5,0.2,0.2,0.05,cotton_s
58,covc,cold_annual,temp_gro,0.5,110.0,25.0,0.9,4.0,0.15,0.01,0.5,0.95,0.75,10.0,0.75,1.5,15.0,1.0,0.065,0.004,0.065,0.028,0.0243,0.006,0.0024,0.0024,0.9,0.003,0.006,4.0,0.75,10.0,660.0,30.0,0.05,0.0,0.0,0.0,0.0,0.55,12.0,3.0,0.1,0.4,0.2,0.0,0.0,0.0,0.0,0.5,0.2,0.2,0.07,red_clover_as_cover_crop
59,covr,cold_annual,temp_gro,0.0,90.0,35.0,0.4,4.0,0.15,0.01,0.5,0.95,0.8,1.0,1.0,1.8,12.5,0.0,0.0284,0.0042,0.06,0.0231,0.0134,0.0084,0.0032,0.0019,0.2,0.03,0.01,4.0,0.75,7.0,660.0,45.0,0.05,0.0,0.0,0.0,0.0,0.65,12.0,3.0,0.1,0.4,0.2,0.0,0.0,0.0,0.0,0.5,0.2,0.2,0.07,rye_as_cover_crop
60,covw,cold_annual,temp_gro,0.0,160.0,30.0,0.4,4.0,0.15,0.05,0.45,0.95,0.5,1.0,0.9,1.3,18.0,0.0,0.025,0.0022,0.0663,0.0255,0.0148,0.0053,0.002,0.0012,0.2,0.03,0.006,4.0,0.75,6.0,660.0,39.0,0.05,0.0,0.0,0.0,0.0,0.65,12.0,3.0,0.1,0.4,0.2,0.0,0.0,0.0,0.0,0.5,0.2,0.2,0.028,winter_wheat_as_cover_crop
61,crdy,perennial,temp_gro,0.0,0.0,34.25,0.4,3.5,0.1,0.05,0.5,0.95,0.82,1.0,0.75,2.0,27.5,11.5,0.0217,0.0033,0.052,0.0198,0.0131,0.0072,0.0027,0.0019,0.575,0.102,0.005,4.0,0.75,9.25,660.0,36.0,0.05,0.15,58.0,73.0,81.0,0.85,12.0,3.0,1.0,0.4,0.2,0.0,0.0,0.0,0.0,0.5,0.2,0.5,0.05,dryland_cropland_and_pasture
62,crgr,warm_annual,temp_gro,0.0,110.0,33.75,0.4,2.75,0.1,0.08,0.38,0.83,0.5,1.0,1.0,2.0,27.5,11.5,0.018,0.0027,0.032,0.0142,0.0089,0.0037,0.0016,0.0013,0.575,0.102,0.005,4.0,0.75,9.25,660.0,37.5,0.05,0.15,58.0,73.0,81.0,0.85,12.0,3.0,1.0,0.4,0.2,0.0,0.0,0.0,0.0,0.5,0.2,0.5,0.05,cropland/grassland_mosiac
63,crir,perennial,temp_gro,0.0,0.0,34.25,0.4,3.5,0.1,0.05,0.5,0.95,0.82,1.0,0.75,2.0,27.5,11.5,0.0217,0.0033,0.052,0.0198,0.0131,0.0072,0.0027,0.0019,0.575,0.102,0.005,4.0,0.75,9.25,660.0,36.0,0.05,0.15,58.0,73.0,81.0,0.85,12.0,3.0,1.0,0.4,0.2,0.0,0.0,0.0,0.0,0.5,0.2,0.5,0.05,irrigated_cropland_and_pasture
64,crrt,cold_annual_tuber,temp_gro,0.0,100.0,33.0,1.55,3.1,0.15,0.01,0.5,0.95,0.6,10.0,0.3,1.2,24.0,3.3,0.0135,0.0036,0.055,0.0075,0.0012,0.006,0.003,0.002,1.12,0.2,0.006,4.0,0.75,10.0,660.0,35.0,0.05,0.0,0.0,0.0,0.0,0.65,12.0,3.0,0.1,0.4,0.2,0.0,0.0,0.0,0.0,0.5,0.2,0.5,0.024,carrot
65,crwo,perennial,temp_gro,0.0,0.0,24.25,0.61,4.0,0.1,0.05,0.45,0.95,0.82,1.0,3.5,2.75,30.0,10.5,0.0107,0.0018,0.025,0.0092,0.0072,0.0034,0.0013,0.0011,0.13,0.101,0.004,4.0,0.75,8.25,660.0,26.0,0.05,0.12,51.5,68.0,78.0,0.83,12.0,3.0,1.0,0.4,0.2,0.0,0.0,0.0,0.0,0.5,0.2,0.5,0.05,cropland/woodland_mosiac
66,csil,warm_annual,temp_gro,0.0,120.0,39.0,0.55,4.0,0.15,0.05,0.5,0.95,0.7,1.0,2.5,2.0,25.0,8.0,0.014,0.0016,0.047,0.0177,0.0138,0.0048,0.0018,0.0014,0.9,0.2,0.007,4.0,0.75,7.2,660.0,45.0,0.05,0.0,0.0,0.0,0.0,0.65,12.0,3.0,0.1,0.4,0.2,0.0,0.0,0.0,0.0,0.5,0.2,0.34,0.05,corn_silage
67,csil100,warm_annual,temp_gro,0.0,100.0,39.0,0.55,4.0,0.15,0.05,0.5,0.95,0.7,1.0,2.5,2.0,25.0,8.0,0.014,0.0016,0.047,0.0177,0.0138,0.0048,0.0018,0.0014,0.9,0.2,0.007,4.0,0.75,7.2,660.0,45.0,0.05,0.0,0.0,0.0,0.0,0.65,12.0,3.0,0.1,0.4,0.2,0.0,0.0,0.0,0.0,0.5,0.2,0.34,0.05,corn_silage
68,csil110,warm_annual,temp_gro,0.0,110.0,39.0,0.55,4.0,0.15,0.05,0.5,0.95,0.7,1.0,2.5,2.0,25.0,8.0,0.014,0.0016,0.047,0.0177,0.0138,0.0048,0.0018,0.0014,0.9,0.2,0.007,4.0,0.75,7.2,660.0,45.0,0.05,0.0,0.0,0.0,0.0,0.65,12.0,3.0,0.1,0.4,0.2,0.0,0.0,0.0,0.0,0.5,0.2,0.34,0.05,corn_silage
69,csil120,warm_annual,temp_gro,0.0,120.0,39.0,0.55,4.0,0.15,0.05,0.5,0.95,0.7,1.0,2.5,2.0,25.0,8.0,0.014,0.0016,0.047,0.0177,0.0138,0.0048,0.0018,0.0014,0.9,0.2,0.007,4.0,0.75,7.2,660.0,45.0,0.05,0.0,0.0,0.0,0.0,0.65,12.0,3.0,0.1,0.4,0.2,0.0,0.0,0.0,0.0,0.5,0.2,0.34,0.05,corn_silage
70,csil90,warm_annual,temp_gro,0.0,90.0,39.0,0.55,4.0,0.15,0.05,0.5,0.95,0.7,1.0,2.5,2.0,25.0,8.0,0.014,0.0016,0.047,0.0177,0.0138,0.0048,0.0018,0.0014,0.9,0.2,0.007,4.0,0.75,7.2,660.0,45.0,0.05,0.0,0.0,0.0,0.0,0.65,12.0,3.0,0.1,0.4,0.2,0.0,0.0,0.0,0.0,0.5,0.2,0.34,0.05,corn_silage
71,cucm,warm_annual,temp_gro,0.0,90.0,33.0,0.35,1.5,0.15,0.05,0.5,0.95,0.6,1.0,0.5,1.2,32.0,12.7,0.0218,0.0043,0.04,0.02,0.0015,0.0053,0.0025,0.0012,0.35,0.03,0.007,4.0,0.75,8.0,660.0,39.0,0.05,0.0,0.0,0.0,0.0,0.65,12.0,3.0,0.1,0.4,0.2,0.0,0.0,0.0,0.0,0.5,0.2,0.5,0.05,cucumber
72,cwgr,perennial,temp_gro,0.0,0.0,35.0,0.02,4.0,0.35,0.02,0.62,0.95,0.85,1.0,0.9,1.3,25.0,6.0,0.05,0.004,0.03,0.02,0.012,0.002,0.0015,0.0013,0.9,0.003,0.005,4.0,0.75,8.0,660.0,38.0,0.05,2.0,0.3,2.0,30.0,0.4,12.0,3.0,0.1,0.4,0.2,0.0,0.0,0.0,0.0,0.5,0.2,0.5,0.05,crested_wheatgrass
73,cwps,warm_annual,temp_gro,0.5,100.0,35.0,0.42,4.0,0.15,0.01,0.5,0.95,0.8,1.0,1.2,2.0,28.0,14.0,0.0427,0.0048,0.06,0.0231,0.0134,0.0049,0.0019,0.0011,0.05,0.03,0.005,4.0,0.75,8.0,660.0,39.0,0.05,0.0,0.0,0.0,0.0,0.65,12.0,3.0,0.1,0.4,0.2,0.0,0.0,0.0,0.0,0.5,0.2,0.5,0.024,cowpeas
74,dryb,warm_annual,temp_gro,0.5,90.0,25.0,0.4,2.0,0.58,0.05,0.89,0.99,0.75,1.0,0.44,1.1,30.0,8.0,0.0375,0.0047,0.045,0.03,0.025,0.0045,0.003,0.0025,0.3,0.2,0.01,4.0,0.75,1.0,660.0,27.0,0.05,0.0,0.0,0.0,0.0,0.65,12.0,3.0,0.1,0.4,0.2,0.0,0.0,0.0,0.0,0.5,0.2,0.5,0.05,dry_beans
75,dwht,cold_annual,temp_gro,0.0,120.0,30.0,0.4,4.0,0.15,0.01,0.5,0.95,0.8,1.0,1.0,2.0,15.0,0.0,0.0263,0.0057,0.06,0.0231,0.013,0.0084,0.0032,0.0019,0.2,0.03,0.006,4.0,0.75,7.0,660.0,45.0,0.05,0.0,0.0,0.0,0.0,0.65,12.0,3.0,0.1,0.4,0.2,0.0,0.0,0.0,0.0,0.5,0.2,0.53,0.028,durum_wheat
76,dwht110,cold_annual,temp_gro,0.0,110.0,30.0,0.4,4.0,0.15,0.01,0.5,0.95,0.8,1.0,1.0,2.0,15.0,0.0,0.0263,0.0057,0.06,0.0231,0.013,0.0084,0.0032,0.0019,0.2,0.03,0.006,4.0,0.75,7.0,660.0,45.0,0.05,0.0,0.0,0.0,0.0,0.65,12.0,3.0,0.1,0.4,0.2,0.0,0.0,0.0,0.0,0.5,0.2,0.53,0.028,durum_wheat
77,dwht120,cold_annual,temp_gro,0.0,120.0,30.0,0.4,4.0,0.15,0.01,0.5,0.95,0.8,1.0,1.0,2.0,15.0,0.0,0.0263,0.0057,0.06,0.0231,0.013,0.0084,0.0032,0.0019,0.2,0.03,0.006,4.0,0.75,7.0,660.0,45.0,0.05,0.0,0.0,0.0,0.0,0.65,12.0,3.0,0.1,0.4,0.2,0.0,0.0,0.0,0.0,0.5,0.2,0.53,0.028,durum_wheat
78,egam,perennial,temp_gro,0.0,0.0,21.0,0.9,2.5,0.05,0.18,0.25,0.9,0.4,10.0,1.7,2.0,25.0,12.0,0.016,0.0022,0.02,0.01,0.007,0.0014,0.001,0.0007,0.9,0.003,0.005,4.0,0.75,10.0,660.0,58.0,0.05,2.0,0.3,2.0,30.0,0.31,12.0,3.0,0.1,0.4,0.2,0.0,0.0,0.0,0.0,0.5,0.2,0.5,0.07,eastern_gamagrass
79,eggp,warm_annual,temp_gro,0.0,90.0,30.0,0.59,3.0,0.15,0.05,0.5,0.95,0.6,0.1,0.5,1.2,26.0,15.0,0.0218,0.0041,0.0663,0.0255,0.0075,0.0053,0.002,0.0015,0.25,0.03,0.006,4.0,0.75,8.0,660.0,39.0,0.05,0.0,0.0,0.0,0.0,0.65,12.0,3.0,0.1,0.4,0.2,0.0,0.0,0.0,0.0,0.5,0.2,0.5,0.024,eggplant
80,euca,perennial,temp_gro,0.0,0.0,15.0,0.1,2.5,0.1,0.15,0.5,0.75,0.99,1.0,3.5,2.0,20.0,7.0,0.0019,0.0004,0.06,0.02,0.015,0.007,0.004,0.003,0.05,0.001,0.007,4.0,0.75,3.0,660.0,20.0,0.05,0.75,0.3,10.0,500.0,0.65,12.0,3.0,0.1,0.4,0.2,0.0,0.0,0.0,0.0,0.5,0.2,0.35,0.07,eucalyptus
81,fesc,perennial,temp_gro,0.0,0.0,30.0,0.02,4.0,0.15,0.01,0.5,0.95,0.8,1.0,1.5,2.0,15.0,0.0,0.0234,0.0033,0.056,0.021,0.012,0.0099,0.0022,0.0019,0.9,0.003,0.005,4.0,0.75,8.0,660.0,39.0,0.05,2.0,0.3,2.0,30.0,0.65,12.0,3.0,1.0,0.4,0.2,0.0,0.0,0.0,0.0,0.5,0.2,0.5,0.07,tall_fescue
82,flax,cold_annual,temp_gro,0.0,100.0,25.0,0.54,2.5,0.15,0.02,0.5,0.95,0.9,0.5,1.2,1.5,22.5,5.0,0.04,0.0033,0.0482,0.0294,0.0263,0.0049,0.0024,0.0023,0.4,0.2,0.005,4.0,0.75,10.0,660.0,33.0,0.05,0.0,0.0,0.0,0.0,0.65,12.0,3.0,0.1,0.4,0.2,0.0,0.0,0.0,0.0,0.5,0.2,0.53,0.028,flax
83,fodb,perennial,temp_gro,0.0,0.0,15.0,0.02,5.0,0.05,0.05,0.4,0.95,0.99,1.0,6.0,3.5,30.0,10.0,0.0015,0.0003,0.06,0.02,0.015,0.007,0.004,0.003,0.01,0.001,0.002,4.0,0.75,8.0,660.0,16.0,0.05,0.1,45.0,66.0,77.0,0.83,12.0,3.0,0.0,0.4,0.2,0.0,0.0,0.0,0.0,0.5,0.2,0.5,0.07,deciduous_broadleaf_forest
84,fodn,perennial,temp_gro,0.0,0.0,15.0,0.02,5.0,0.05,0.05,0.4,0.95,0.99,1.0,6.0,3.5,30.0,10.0,0.0015,0.0003,0.06,0.02,0.015,0.007,0.004,0.003,0.01,0.001,0.002,4.0,0.75,8.0,660.0,16.0,0.05,0.1,45.0,66.0,77.0,0.83,12.0,3.0,0.0,0.4,0.2,0.0,0.0,0.0,0.0,0.5,0.2,0.5,0.07,deciduous_needleleaf_forest
85,foeb,perennial,temp_gro,0.0,0.0,15.0,0.02,5.0,0.15,0.7,0.25,0.99,0.99,1.0,10.0,3.5,30.0,0.0,0.0015,0.0003,0.06,0.02,0.015,0.007,0.004,0.003,0.6,0.001,0.002,4.0,0.75,8.0,660.0,16.0,0.05,0.1,25.0,55.0,70.0,0.77,12.0,3.0,0.0,0.4,0.2,0.0,0.0,0.0,0.0,0.5,0.2,0.5,0.07,evergreen_broadleaf_forest
86,foen,perennial,temp_gro,0.0,0.0,15.0,0.02,5.0,0.15,0.7,0.25,0.99,0.99,1.0,10.0,3.5,30.0,0.0,0.0015,0.0003,0.06,0.02,0.015,0.007,0.004,0.003,0.6,0.001,0.002,4.0,0.75,8.0,660.0,16.0,0.05,0.1,25.0,55.0,70.0,0.77,12.0,3.0,0.0,0.4,0.2,0.0,0.0,0.0,0.0,0.5,0.2,0.5,0.07,evergreen_needleleaf_forest
87,fomi,perennial,temp_gro,0.0,0.0,15.0,0.02,5.0,0.05,0.05,0.4,0.95,0.99,1.0,6.0,3.5,30.0,10.0,0.0015,0.0003,0.06,0.02,0.015,0.007,0.004,0.003,0.01,0.001,0.002,4.0,0.75,8.0,660.0,16.0,0.05,0.1,36.0,60.0,73.0,0.79,12.0,3.0,0.0,0.4,0.2,0.0,0.0,0.0,0.0,0.5,0.2,0.5,0.07,mixed_forest
88,fpea,cold_annual,temp_gro,0.5,100.0,25.0,0.45,4.0,0.15,0.01,0.5,0.95,0.75,1.0,1.2,1.2,15.0,1.0,0.037,0.0021,0.0515,0.0335,0.0296,0.0033,0.0019,0.0014,0.1,0.01,0.005,4.0,0.75,10.0,660.0,30.0,0.05,0.0,0.0,0.0,0.0,0.65,12.0,3.0,0.1,0.4,0.2,0.0,0.0,0.0,0.0,0.5,0.2,0.5,0.024,field_peas
89,frsd,perennial,temp_gro,0.0,0.0,15.0,0.02,5.0,0.05,0.05,0.4,0.95,0.99,1.0,6.0,3.5,30.0,10.0,0.0015,0.0003,0.06,0.02,0.015,0.007,0.004,0.003,0.01,0.001,0.002,4.0,0.75,8.0,660.0,16.0,0.05,0.75,0.3,10.0,100.0,0.65,12.0,3.0,0.1,0.4,0.2,0.0,0.0,0.0,0.0,0.5,0.2,0.5,0.07,forest_deciduous
90,frsd_suhf,perennial,moisture_gro,0.0,0.0,15.0,0.02,5.0,0.05,0.05,0.4,0.95,0.99,1.0,6.0,3.5,25.0,12.0,0.0015,0.0003,0.06,0.02,0.015,0.007,0.004,0.003,0.01,0.001,0.002,4.0,0.75,8.0,660.0,16.0,0.05,2.0,0.3,30.0,140.0,0.65,12.0,3.0,0.1,0.4,0.2,0.0,0.0,0.0,0.0,0.5,0.2,0.5,0.07,forest_deciduous_subtropical_humid_forest
91,frsd_sums,perennial,moisture_gro,0.0,0.0,15.0,0.02,5.0,0.05,0.05,0.4,0.95,0.99,1.0,6.0,3.5,25.0,10.0,0.0015,0.0003,0.06,0.02,0.015,0.007,0.004,0.003,0.01,0.001,0.002,4.0,0.75,8.0,660.0,16.0,0.05,1.0,0.3,10.0,250.0,0.65,12.0,3.0,0.1,0.4,0.2,0.0,0.0,0.0,0.0,0.5,0.2,0.5,0.07,forest_deciduous_subtropical_mountain_systems
92,frsd_sust,perennial,moisture_gro,0.0,0.0,15.0,0.02,5.0,0.05,0.05,0.4,0.95,0.99,1.0,6.0,3.5,26.0,10.0,0.0015,0.0003,0.06,0.02,0.015,0.007,0.004,0.003,0.01,0.001,0.002,4.0,0.75,8.0,660.0,16.0,0.05,1.0,0.3,10.0,180.0,0.65,12.0,3.0,0.1,0.4,0.2,0.0,0.0,0.0,0.0,0.5,0.2,0.5,0.07,forest_deciduous_subtropical_steppe
93,frsd_tecf,perennial,temp_gro,0.0,0.0,15.0,0.02,5.0,0.05,0.05,0.4,0.95,0.99,1.0,6.0,3.5,20.0,8.0,0.0015,0.0003,0.06,0.02,0.015,0.007,0.004,0.003,0.01,0.001,0.002,4.0,0.75,8.0,660.0,16.0,0.05,1.0,0.3,10.0,200.0,0.65,12.0,3.0,0.1,0.4,0.2,0.0,0.0,0.0,0.0,0.5,0.2,0.5,0.07,forest_deciduous_temperate_continental_forest
94,frsd_tems,perennial,temp_gro,0.0,0.0,15.0,0.02,5.0,0.05,0.05,0.4,0.95,0.99,1.0,6.0,3.5,20.0,0.0,0.0015,0.0003,0.06,0.02,0.015,0.007,0.004,0.003,0.01,0.001,0.002,4.0,0.75,8.0,660.0,16.0,0.05,1.0,0.3,10.0,250.0,0.65,12.0,3.0,0.1,0.4,0.2,0.0,0.0,0.0,0.0,0.5,0.2,0.5,0.07,forest_deciduous_temperate_mountain_systems
95,frsd_teof,perennial,temp_gro,0.0,0.0,15.0,0.02,5.0,0.05,0.05,0.4,0.95,0.99,1.0,6.0,3.5,20.0,10.0,0.0015,0.0003,0.06,0.02,0.015,0.007,0.004,0.003,0.01,0.001,0.002,4.0,0.75,8.0,660.0,16.0,0.05,1.0,0.3,10.0,250.0,0.65,12.0,3.0,0.1,0.4,0.2,0.0,0.0,0.0,0.0,0.5,0.2,0.5,0.07,forest_deciduous_temperate_oceanic_forest
96,frsd_test,perennial,temp_gro,0.0,0.0,15.0,0.02,5.0,0.05,0.05,0.4,0.95,0.99,1.0,6.0,3.5,25.0,0.0,0.0015,0.0003,0.06,0.02,0.015,0.007,0.004,0.003,0.01,0.001,0.002,4.0,0.75,8.0,660.0,16.0,0.05,1.0,0.3,10.0,180.0,0.65,12.0,3.0,0.1,0.4,0.2,0.0,0.0,0.0,0.0,0.5,0.2,0.5,0.07,forest_deciduous_temperate_steppe
97,frse,perennial,temp_gro,0.0,0.0,15.0,0.02,5.0,0.15,0.7,0.25,0.99,0.99,1.0,10.0,3.5,30.0,0.0,0.0015,0.0003,0.06,0.02,0.015,0.007,0.004,0.003,0.6,0.001,0.002,4.0,0.75,8.0,660.0,16.0,0.05,0.75,0.3,30.0,100.0,0.65,12.0,3.0,0.1,0.4,0.2,100.0,0.05,1000.0,0.95,0.5,0.2,0.5,0.07,forest_evergreen
98,frse_sudrf,perennial,moisture_gro,0.0,0.0,15.0,0.02,4.0,0.15,0.7,0.25,0.99,0.99,1.0,10.0,3.5,15.0,5.0,0.0015,0.0003,0.06,0.02,0.015,0.007,0.004,0.003,0.6,0.001,0.002,4.0,0.75,8.0,660.0,16.0,0.05,3.0,0.3,30.0,140.0,0.65,12.0,3.0,0.1,0.4,0.2,100.0,0.05,1000.0,0.95,0.5,0.2,0.5,0.07,forest_evergreen_subtropical_dry_forest
99,frse_suds,perennial,moisture_gro,0.0,0.0,15.0,0.02,2.0,0.15,0.7,0.25,0.99,0.99,1.0,10.0,3.5,26.0,5.0,0.0015,0.0003,0.06,0.02,0.015,0.007,0.004,0.003,0.6,0.001,0.002,4.0,0.75,8.0,660.0,16.0,0.05,1.0,0.3,30.0,140.0,0.65,12.0,3.0,0.1,0.4,0.2,100.0,0.05,1000.0,0.95,0.5,0.2,0.5,0.07,forest_evergreen_subtropical_desert
100,frse_suhf,perennial,moisture_gro,0.0,0.0,15.0,0.02,5.0,0.15,0.7,0.25,0.99,0.99,1.0,10.0,3.5,25.0,12.0,0.0015,0.0003,0.06,0.02,0.015,0.007,0.004,0.003,0.6,0.001,0.002,4.0,0.75,8.0,660.0,16.0,0.05,4.0,0.3,30.0,140.0,0.65,12.0,3.0,0.1,0.4,0.2,100.0,0.05,1000.0,0.95,0.5,0.2,0.5,0.07,forest_evergreen_subtropical_humid_forest
101,frse_sums,perennial,moisture_gro,0.0,0.0,15.0,0.02,5.0,0.15,0.7,0.25,0.99,0.99,1.0,10.0,3.5,25.0,10.0,0.0015,0.0003,0.06,0.02,0.015,0.007,0.004,0.003,0.6,0.001,0.002,4.0,0.75,8.0,660.0,16.0,0.05,4.0,0.3,30.0,250.0,0.65,12.0,3.0,0.1,0.4,0.2,100.0,0.05,1000.0,0.95,0.5,0.2,0.5,0.07,forest_evergreen_subtropical_mountain_systems
102,frse_sust,perennial,moisture_gro,0.0,0.0,15.0,0.02,5.0,0.15,0.7,0.25,0.99,0.99,1.0,10.0,3.5,26.0,10.0,0.0015,0.0003,0.06,0.02,0.015,0.007,0.004,0.003,0.6,0.001,0.002,4.0,0.75,8.0,660.0,16.0,0.05,3.0,0.3,30.0,180.0,0.65,12.0,3.0,0.1,0.4,0.2,100.0,0.05,1000.0,0.95,0.5,0.2,0.5,0.07,forest_evergreen_subtropical_steppe
103,frse_tecf,perennial,temp_gro,0.0,0.0,15.0,0.02,5.0,0.15,0.7,0.25,0.99,0.99,1.0,10.0,3.5,20.0,8.0,0.0015,0.0003,0.06,0.02,0.015,0.007,0.004,0.003,0.6,0.001,0.002,4.0,0.75,8.0,660.0,16.0,0.05,4.0,0.3,30.0,200.0,0.65,12.0,3.0,0.1,0.4,0.2,100.0,0.05,1000.0,0.95,0.5,0.2,0.5,0.07,forest_evergreen_temperate_continental_forest
104,frse_teds,perennial,temp_gro,0.0,0.0,15.0,0.02,2.0,0.15,0.7,0.25,0.99,0.99,1.0,10.0,3.5,26.0,5.0,0.0015,0.0003,0.06,0.02,0.015,0.007,0.004,0.003,0.6,0.001,0.002,4.0,0.75,8.0,660.0,16.0,0.05,1.0,0.3,30.0,140.0,0.65,12.0,3.0,0.1,0.4,0.2,100.0,0.05,1000.0,0.95,0.5,0.2,0.5,0.07,forest_evergreen_temperate_desert
105,frse_tems,perennial,temp_gro,0.0,0.0,15.0,0.02,5.0,0.15,0.7,0.25,0.99,0.99,1.0,10.0,3.5,20.0,0.0,0.0015,0.0003,0.06,0.02,0.015,0.007,0.004,0.003,0.6,0.001,0.002,4.0,0.75,8.0,660.0,16.0,0.05,4.0,0.3,30.0,250.0,0.65,12.0,3.0,0.1,0.4,0.2,100.0,0.05,1000.0,0.95,0.5,0.2,0.5,0.07,forest_evergreen_temperate_mountain_systems
106,frse_teof,perennial,temp_gro,0.0,0.0,15.0,0.02,5.0,0.15,0.7,0.25,0.99,0.99,1.0,10.0,3.5,20.0,10.0,0.0015,0.0003,0.06,0.02,0.015,0.007,0.004,0.003,0.6,0.001,0.002,4.0,0.75,8.0,660.0,16.0,0.05,4.0,0.3,30.0,350.0,0.65,12.0,3.0,0.1,0.4,0.2,100.0,0.05,1000.0,0.95,0.5,0.2,0.5,0.07,forest_evergreen_temperate_oceanic_forest
107,frse_test,perennial,temp_gro,0.0,0.0,15.0,0.02,5.0,0.15,0.7,0.25,0.99,0.99,1.0,10.0,3.5,25.0,0.0,0.0015,0.0003,0.06,0.02,0.015,0.007,0.004,0.003,0.6,0.001,0.002,4.0,0.75,8.0,660.0,16.0,0.05,3.0,0.3,30.0,180.0,0.65,12.0,3.0,0.1,0.4,0.2,100.0,0.05,1000.0,0.95,0.5,0.2,0.5,0.07,forest_evergreen_temperate_steppe
108,frst,perennial,temp_gro,0.0,0.0,15.0,0.02,5.0,0.05,0.05,0.4,0.95,0.99,1.0,6.0,3.5,30.0,10.0,0.0015,0.0003,0.06,0.02,0.015,0.007,0.004,0.003,0.01,0.005,0.002,4.0,0.75,8.0,660.0,16.0,0.05,0.75,0.3,50.0,100.0,0.65,12.0,3.0,0.1,0.4,0.2,0.0,0.0,0.0,0.0,0.5,0.2,0.5,0.07,forest_mixed
109,frst_suhf,perennial,moisture_gro,0.0,0.0,15.0,0.02,5.0,0.05,0.05,0.4,0.95,0.99,1.0,6.0,3.5,25.0,12.0,0.0015,0.0003,0.06,0.02,0.015,0.007,0.004,0.003,0.01,0.005,0.002,4.0,0.75,8.0,660.0,16.0,0.05,3.0,0.3,50.0,140.0,0.65,12.0,3.0,0.1,0.4,0.2,0.0,0.0,0.0,0.0,0.5,0.2,0.5,0.07,forest_mixed_subtropical_humid_forest
110,frst_sums,perennial,moisture_gro,0.0,0.0,15.0,0.02,5.0,0.05,0.05,0.4,0.95,0.99,1.0,6.0,3.5,25.0,10.0,0.0015,0.0003,0.06,0.02,0.015,0.007,0.004,0.003,0.01,0.005,0.002,4.0,0.75,8.0,660.0,16.0,0.05,3.0,0.3,50.0,250.0,0.65,12.0,3.0,0.1,0.4,0.2,0.0,0.0,0.0,0.0,0.5,0.2,0.5,0.07,forest_mixed_subtropical_mountain_systems
111,frst_sust,perennial,moisture_gro,0.0,0.0,15.0,0.02,5.0,0.05,0.05,0.4,0.95,0.99,1.0,6.0,3.5,26.0,10.0,0.0015,0.0003,0.06,0.02,0.015,0.007,0.004,0.003,0.01,0.005,0.002,4.0,0.75,8.0,660.0,16.0,0.05,2.0,0.3,50.0,180.0,0.65,12.0,3.0,0.1,0.4,0.2,0.0,0.0,0.0,0.0,0.5,0.2,0.5,0.07,forest_mixed_subtropical_steppe
112,frst_tecf,perennial,temp_gro,0.0,0.0,15.0,0.02,5.0,0.05,0.05,0.4,0.95,0.99,1.0,6.0,3.5,20.0,8.0,0.0015,0.0003,0.06,0.02,0.015,0.007,0.004,0.003,0.01,0.005,0.002,4.0,0.75,8.0,660.0,16.0,0.05,3.0,0.3,50.0,200.0,0.65,12.0,3.0,0.1,0.4,0.2,0.0,0.0,0.0,0.0,0.5,0.2,0.5,0.07,forest_mixed_temperate_continental_forest
113,frst_tems,perennial,temp_gro,0.0,0.0,15.0,0.02,5.0,0.05,0.05,0.4,0.95,0.99,1.0,6.0,3.5,20.0,0.0,0.0015,0.0003,0.06,0.02,0.015,0.007,0.004,0.003,0.01,0.005,0.002,4.0,0.75,8.0,660.0,16.0,0.05,3.0,0.3,50.0,250.0,0.65,12.0,3.0,0.1,0.4,0.2,0.0,0.0,0.0,0.0,0.5,0.2,0.5,0.07,forest_mixed_temperate_mountain_systems
114,frst_teof,perennial,temp_gro,0.0,0.0,15.0,0.02,5.0,0.05,0.05,0.4,0.95,0.99,1.0,6.0,3.5,20.0,10.0,0.0015,0.0003,0.06,0.02,0.015,0.007,0.004,0.003,0.01,0.005,0.002,4.0,0.75,8.0,660.0,16.0,0.05,3.0,0.3,50.0,250.0,0.65,12.0,3.0,0.1,0.4,0.2,0.0,0.0,0.0,0.0,0.5,0.2,0.5,0.07,forest_mixed_temperate_oceanic_forest
115,frst_test,perennial,temp_gro,0.0,0.0,15.0,0.02,5.0,0.05,0.05,0.4,0.95,0.99,1.0,6.0,3.5,25.0,0.0,0.0015,0.0003,0.06,0.02,0.015,0.007,0.004,0.003,0.01,0.005,0.002,4.0,0.75,8.0,660.0,16.0,0.05,2.0,0.3,50.0,180.0,0.65,12.0,3.0,0.1,0.4,0.2,0.0,0.0,0.0,0.0,0.5,0.2,0.5,0.07,forest_mixed_temperate_steppe
116,gpea,warm_annual,temp_gro,0.5,90.0,25.0,0.3,2.5,0.1,0.05,0.8,0.95,0.6,1.0,0.6,1.1,27.0,10.0,0.041,0.0051,0.06,0.04,0.03,0.003,0.002,0.0015,0.22,0.2,0.01,4.0,0.75,1.0,660.34,27.0,0.05,0.0,0.0,0.0,0.0,0.65,12.0,3.0,0.1,0.4,0.2,0.0,0.0,0.0,0.0,0.5,0.2,0.5,0.024,green_peas
117,grap,perennial,temp_gro,0.0,0.0,30.0,0.3,2.0,0.05,0.01,0.5,0.95,0.9,1.0,2.0,2.0,30.0,10.0,0.02,0.0025,0.01,0.004,0.003,0.0014,0.0008,0.0006,0.3,0.1,0.005,1.1,0.75,9.0,660.0,40.0,0.05,1.0,0.3,2.0,1.0,0.65,12.0,3.0,0.1,0.4,0.2,0.0,0.0,0.0,0.0,0.5,0.2,0.5,0.07,grape
118,grar,perennial,temp_gro,0.0,0.0,16.1,0.05,2.0,0.05,0.05,0.4,0.95,0.99,1.0,6.0,3.5,30.0,10.0,0.0015,0.0003,0.02,0.01,0.008,0.0007,0.0004,0.0003,0.01,0.001,0.0036,4.0,0.75,8.0,660.0,18.0,0.05,0.75,0.3,10.0,50.0,0.61,12.0,3.0,0.1,0.4,0.2,0.0,0.0,0.0,0.0,0.5,0.2,0.5,0.07,grape_red
119,gras,perennial,temp_gro,0.0,0.0,34.0,0.9,2.5,0.05,0.1,0.25,0.7,0.35,1.0,1.0,2.0,25.0,12.0,0.016,0.0022,0.02,0.012,0.005,0.0014,0.001,0.0007,0.9,0.003,0.005,4.0,0.75,10.0,660.0,39.0,0.05,0.15,49.0,69.0,79.0,0.84,12.0,3.0,1.0,0.4,0.2,0.0,0.0,0.0,0.0,0.5,0.2,0.5,0.07,grassland
120,grbn,warm_annual,temp_gro,0.5,90.0,25.0,0.1,1.5,0.1,0.05,0.8,0.95,0.9,1.0,0.6,1.2,19.0,10.0,0.0299,0.0039,0.004,0.003,0.0015,0.004,0.0035,0.0015,0.1,0.2,0.008,4.0,0.75,5.0,660.0,34.0,0.05,0.0,0.0,0.0,0.0,0.65,12.0,3.0,0.1,0.4,0.2,0.0,0.0,0.0,0.0,0.5,0.2,0.5,0.05,green_beans
121,grsg,warm_annual,temp_gro,0.0,110.0,33.5,0.45,3.0,0.15,0.05,0.5,0.95,0.64,0.5,1.0,2.0,30.0,11.0,0.0199,0.0032,0.044,0.0164,0.0128,0.006,0.0022,0.0018,0.25,0.2,0.005,4.0,0.75,8.5,660.0,36.0,0.05,0.0,0.0,0.0,0.0,0.65,12.0,3.0,0.1,0.4,0.2,0.0,0.0,0.0,0.0,0.5,0.2,0.34,0.05,grain_sorghum
122,grsg100,warm_annual,temp_gro,0.0,100.0,33.5,0.45,3.0,0.15,0.05,0.5,0.95,0.64,0.5,1.0,2.0,30.0,11.0,0.0199,0.0032,0.044,0.0164,0.0128,0.006,0.0022,0.0018,0.25,0.2,0.005,4.0,0.75,8.5,660.0,36.0,0.05,0.0,0.0,0.0,0.0,0.65,12.0,3.0,0.1,0.4,0.2,0.0,0.0,0.0,0.0,0.5,0.2,0.34,0.05,grain_sorghum
123,grsg105,warm_annual,temp_gro,0.0,105.0,33.5,0.45,3.0,0.15,0.05,0.5,0.95,0.64,0.5,1.0,2.0,30.0,11.0,0.0199,0.0032,0.044,0.0164,0.0128,0.006,0.0022,0.0018,0.25,0.2,0.005,4.0,0.75,8.5,660.0,36.0,0.05,0.0,0.0,0.0,0.0,0.65,12.0,3.0,0.1,0.4,0.2,0.0,0.0,0.0,0.0,0.5,0.2,0.34,0.05,grain_sorghum
124,grsg110,warm_annual,temp_gro,0.0,110.0,33.5,0.45,3.0,0.15,0.05,0.5,0.95,0.64,0.5,1.0,2.0,30.0,11.0,0.0199,0.0032,0.044,0.0164,0.0128,0.006,0.0022,0.0018,0.25,0.2,0.005,4.0,0.75,8.5,660.0,36.0,0.05,0.0,0.0,0.0,0.0,0.65,12.0,3.0,0.1,0.4,0.2,0.0,0.0,0.0,0.0,0.5,0.2,0.34,0.05,grain_sorghum
125,grsg95,warm_annual,temp_gro,0.0,95.0,33.5,0.45,3.0,0.15,0.05,0.5,0.95,0.64,0.5,1.0,2.0,30.0,11.0,0.0199,0.0032,0.044,0.0164,0.0128,0.006,0.0022,0.0018,0.25,0.2,0.005,4.0,0.75,8.5,660.0,36.0,0.05,0.0,0.0,0.0,0.0,0.65,12.0,3.0,0.1,0.4,0.2,0.0,0.0,0.0,0.0,0.5,0.2,0.34,0.05,grain_sorghum
126,hay,perennial,temp_gro,0.0,0.0,35.0,0.02,4.0,0.05,0.05,0.49,0.95,0.99,0.1,0.5,2.0,25.0,12.0,0.0234,0.0033,0.06,0.0231,0.0134,0.0084,0.0032,0.0019,0.9,0.003,0.005,4.0,0.75,10.0,660.0,36.0,0.05,0.75,0.3,2.0,40.0,0.65,12.0,3.0,1.0,0.4,0.2,0.0,0.0,0.0,0.0,0.5,0.2,0.5,0.07,hay
127,hmel,warm_annual,temp_gro,0.0,90.0,33.0,0.66,4.0,0.15,0.05,0.5,0.95,0.6,1.0,0.8,1.1,35.0,10.0,0.0072,0.001,0.02,0.01,0.008,0.0026,0.002,0.0017,0.55,0.03,0.007,4.0,0.75,1.0,660.41,39.0,0.05,1.0,0.0,0.0,0.0,0.65,12.0,3.0,0.1,0.4,0.2,0.0,0.0,0.0,0.0,0.5,0.2,0.5,0.024,honeydew_melon
128,indn,perennial,temp_gro,0.0,0.0,34.0,0.02,3.0,0.05,0.1,0.25,0.7,0.35,10.0,1.0,2.0,25.0,12.0,0.016,0.0022,0.02,0.012,0.005,0.0014,0.001,0.0007,0.9,0.003,0.005,4.0,0.75,10.0,660.0,39.0,0.05,2.0,0.3,2.0,30.0,0.36,12.0,3.0,1.0,0.4,0.2,0.0,0.0,0.0,0.0,0.5,0.2,0.5,0.07,indiangrass
129,jhgr,perennial,temp_gro,0.0,0.0,35.0,0.02,2.5,0.15,0.05,0.57,0.95,0.5,1.0,1.0,2.0,30.0,11.0,0.02,0.0028,0.044,0.0164,0.0128,0.006,0.0022,0.0018,0.9,0.2,0.005,4.0,0.75,8.5,660.0,36.0,0.05,2.0,0.3,2.0,30.0,0.65,12.0,3.0,1.0,0.4,0.2,0.0,0.0,0.0,0.0,0.5,0.2,0.5,0.07,johnsongrass
130,kale,warm_annual,temp_gro,0.0,90.0,23.0,0.8,4.2,0.25,0.23,0.4,0.86,1.0,1.0,0.2,0.8,18.2,0.0,0.0394,0.0049,0.05,0.025,0.021,0.0084,0.0032,0.0019,0.8,0.01,0.0122,4.0,0.75,0.5,660.31,25.0,0.05,0.0,0.0,0.0,0.0,0.65,12.0,3.0,0.1,0.4,0.2,0.0,0.0,0.0,0.0,0.5,0.2,0.5,0.024,kale
131,lbls,perennial,temp_gro,0.0,0.0,34.0,0.02,2.5,0.05,0.1,0.25,0.7,0.35,1.0,1.0,2.0,25.0,12.0,0.016,0.0022,0.02,0.012,0.005,0.0014,0.001,0.0007,0.9,0.003,0.005,4.0,0.75,10.0,660.0,39.0,0.05,2.0,0.3,2.0,30.0,0.36,12.0,3.0,1.0,0.4,0.2,22.0,0.05,40.0,0.71,0.5,0.2,0.5,0.07,little_bluestem
132,ldgp,perennial,temp_gro,0.0,0.0,15.0,0.02,5.0,15.0,0.7,25.0,0.99,0.99,1.0,25.0,3.0,30.0,0.0,0.0015,0.0003,0.006,0.002,0.0015,0.0007,0.0004,0.0003,0.6,0.001,0.007,-6.5,1.0,8.0,660.0,15.0,0.05,0.75,0.3,50.0,100.0,0.52,12.0,3.0,0.1,0.4,0.2,0.0,0.0,0.0,0.0,0.5,0.2,0.5,0.07,lodge_pole_pine
133,lent,warm_annual,temp_gro,0.5,85.0,20.0,0.61,4.0,0.15,0.02,0.5,0.95,0.9,0.5,0.55,1.2,20.0,3.0,0.0506,0.0051,0.044,0.0164,0.0128,0.0074,0.0037,0.0023,0.01,0.2,0.005,4.0,0.75,10.0,660.0,33.0,0.05,0.0,0.0,0.0,0.0,0.65,12.0,3.0,0.1,0.4,0.2,0.0,0.0,0.0,0.0,0.5,0.2,0.5,0.024,lentils
134,lett,cold_annual,temp_gro,0.0,90.0,25.0,0.95,4.62,0.25,0.23,0.4,0.86,1.0,0.5,0.2,0.8,18.2,0.0,0.0394,0.0049,0.05,0.025,0.021,0.0084,0.0032,0.0019,0.95,0.01,0.0122,4.0,0.75,8.0,660.0,25.0,0.05,0.1,0.0,0.0,0.0,0.65,12.0,3.0,0.1,0.4,0.2,0.0,0.0,0.0,0.0,0.5,0.2,0.5,0.024,head_lettuce
135,lima,warm_annual,temp_gro,0.5,100.0,25.0,0.3,2.5,0.1,0.05,0.8,0.95,0.9,0.1,0.6,2.0,26.0,18.0,0.0368,0.0046,0.004,0.003,0.0015,0.0035,0.003,0.0015,0.22,0.2,0.005,4.0,0.75,5.0,660.0,34.0,0.05,0.0,0.0,0.0,0.0,0.65,12.0,3.0,0.1,0.4,0.2,0.0,0.0,0.0,0.0,0.5,0.2,0.5,0.024,lima_beans
136,mapl,perennial,temp_gro,0.0,0.0,15.0,0.1,4.0,0.1,0.15,0.5,0.75,0.99,1.0,3.5,2.0,20.0,7.0,0.0019,0.0004,0.006,0.002,0.0015,0.0007,0.0004,0.0003,0.05,0.001,0.007,4.0,0.75,3.0,660.0,20.0,0.05,0.75,3.0,10.0,500.0,0.65,12.0,3.0,0.1,0.4,0.2,0.0,0.0,0.0,0.0,0.5,0.2,0.5,0.0,maple_tree
137,mesq,perennial,temp_gro,0.0,0.0,16.1,0.05,1.25,0.05,0.05,0.4,0.95,0.99,1.0,6.0,3.5,30.0,10.0,0.0015,0.0003,0.02,0.01,0.008,0.0007,0.0004,0.0003,0.01,0.001,0.004,4.0,0.75,8.0,660.0,18.0,0.05,0.75,0.3,10.0,50.0,0.61,12.0,3.0,0.1,0.4,0.2,0.0,0.0,0.0,0.0,0.5,0.2,0.5,0.07,honey_mesquite
138,migs,perennial,temp_gro,0.0,0.0,34.0,0.02,2.25,0.05,0.1,0.25,0.7,0.35,1.0,1.0,2.0,25.0,12.0,0.016,0.0022,0.02,0.012,0.005,0.0014,0.001,0.0007,0.9,0.003,0.005,4.0,0.75,10.0,660.0,39.0,0.05,0.15,44.0,65.0,76.5,0.82,12.0,3.0,1.0,0.4,0.2,0.0,0.0,0.0,0.0,0.5,0.2,0.5,0.07,mixed_grassland/shrubland
139,mint,cold_annual,temp_gro,0.0,0.0,3.2,1.0,3.5,0.15,0.01,0.56,0.99,0.95,1.0,0.3,1.0,30.0,5.0,0.0135,0.0036,0.055,0.0075,0.0012,0.006,0.003,0.002,0.9,0.2,0.006,4.0,0.75,10.0,660.0,35.0,0.05,0.0,0.0,0.0,0.0,0.65,12.0,3.0,0.1,0.4,0.2,0.0,0.0,0.0,0.0,0.5,0.2,0.5,0.07,mint
140,mixc,warm_annual,temp_gro,0.0,110.0,33.5,0.45,3.0,0.15,0.05,0.5,0.95,0.64,1.0,1.0,2.0,30.0,11.0,0.0199,0.0032,0.044,0.0164,0.0128,0.006,0.0022,0.0018,0.25,0.2,0.005,4.0,0.75,8.5,660.0,36.0,0.05,0.14,67.0,77.0,83.0,0.87,12.0,3.0,1.0,0.4,0.2,0.0,0.0,0.0,0.0,0.5,0.2,0.5,0.07,mixed_dryland/irrigated_cropland
141,mung,warm_annual,temp_gro,0.5,100.0,25.0,0.31,4.0,0.15,0.01,0.5,0.95,0.9,10.0,1.5,2.0,30.0,15.0,0.042,0.004,0.0524,0.0265,0.0258,0.0074,0.0037,0.0035,0.01,0.2,0.005,4.0,0.75,10.0,660.0,33.0,0.05,0.0,0.0,0.0,0.0,0.65,12.0,3.0,0.1,0.4,0.2,0.0,0.0,0.0,0.0,0.5,0.2,0.5,0.024,mung_beans
142,oak,perennial,temp_gro,0.0,0.0,15.0,0.02,5.0,0.05,0.05,0.4,0.95,0.99,1.0,6.0,3.5,30.0,10.0,0.0015,0.0003,0.006,0.002,0.0015,0.0007,0.0004,0.0003,0.01,0.001,0.002,4.0,0.75,8.0,660.0,16.0,0.05,0.75,0.3,50.0,100.0,0.65,12.0,3.0,0.1,0.4,0.2,0.0,0.0,0.0,0.0,0.5,0.2,0.5,0.07,oak
143,oats,cold_annual,temp_gro,0.0,120.0,35.0,0.42,4.0,0.15,0.02,0.5,0.95,0.8,1.0,1.5,2.0,15.0,0.0,0.0316,0.0057,0.06,0.0231,0.0134,0.0084,0.0032,0.0019,0.17,0.03,0.005,4.0,0.75,10.0,660.0,45.0,0.05,0.0,0.0,0.0,0.0,0.45,12.0,3.0,0.1,0.4,0.2,0.0,0.0,0.0,0.0,0.5,0.2,0.5,0.028,oats
144,oats110,cold_annual,temp_gro,0.0,110.0,35.0,0.42,4.0,0.15,0.02,0.5,0.95,0.8,1.0,1.5,2.0,15.0,0.0,0.0316,0.0057,0.06,0.0231,0.0134,0.0084,0.0032,0.0019,0.17,0.03,0.005,4.0,0.75,10.0,660.0,45.0,0.05,0.0,0.0,0.0,0.0,0.45,12.0,3.0,0.1,0.4,0.2,0.0,0.0,0.0,0.0,0.5,0.2,0.5,0.028,oats
145,oats120,cold_annual,temp_gro,0.0,120.0,35.0,0.42,4.0,0.15,0.02,0.5,0.95,0.8,1.0,1.5,2.0,15.0,0.0,0.0316,0.0057,0.06,0.0231,0.0134,0.0084,0.0032,0.0019,0.17,0.03,0.005,4.0,0.75,10.0,660.0,45.0,0.05,0.0,0.0,0.0,0.0,0.45,12.0,3.0,0.1,0.4,0.2,0.0,0.0,0.0,0.0,0.5,0.2,0.5,0.028,oats
146,oilp,perennial,temp_gro,0.0,0.0,12.0,0.18,5.0,0.1,0.15,0.5,0.75,0.99,1.0,3.5,2.0,20.0,7.0,0.0019,0.0004,0.06,0.02,0.015,0.007,0.004,0.003,0.05,0.001,0.0071,4.0,0.75,3.0,660.0,20.0,0.05,0.75,0.3,10.0,50.0,0.65,12.0,3.0,0.1,0.4,0.2,0.0,0.0,0.0,0.0,0.5,0.2,0.5,0.07,oil_palm_tree
147,oliv,perennial,temp_gro,0.0,0.0,16.1,0.05,0.8,0.05,0.05,0.4,0.95,0.99,1.0,6.0,3.5,30.0,10.0,0.0015,0.0003,0.06,0.02,0.015,0.007,0.004,0.003,0.01,0.001,0.0036,4.0,0.75,8.0,660.0,18.0,0.05,0.75,0.3,10.0,50.0,0.61,12.0,3.0,0.1,0.4,0.2,0.0,0.0,0.0,0.0,0.5,0.2,0.5,0.07,olive
148,onio,cold_annual,temp_gro,0.0,100.0,30.0,1.25,1.5,0.15,0.01,0.5,0.95,0.6,10.0,1.2,0.7,29.0,1.6,0.0206,0.0032,0.04,0.022,0.02,0.004,0.002,0.0019,1.25,0.2,0.007,4.0,0.75,10.0,660.41,35.0,0.05,0.0,0.0,0.0,0.0,0.65,12.0,3.0,0.1,0.4,0.2,0.0,0.0,0.0,0.0,0.5,0.2,0.5,0.024,onion
149,oran,perennial,temp_gro,0.0,0.0,15.0,0.14,2.0,0.1,0.15,0.5,0.75,0.99,1.0,3.5,2.0,20.0,7.0,0.0019,0.0004,0.06,0.02,0.015,0.007,0.004,0.003,0.09,0.001,0.005,4.0,3.0,3.0,660.0,20.0,0.05,0.01,0.3,10.0,30.0,0.65,12.0,3.0,0.1,0.4,0.2,0.0,0.0,0.0,0.0,0.5,0.2,0.5,0.07,orange
150,orcd,perennial,temp_gro,0.0,0.0,15.0,0.1,4.0,0.1,0.15,0.5,0.75,0.99,1.0,3.5,2.0,20.0,7.0,0.0019,0.0004,0.06,0.02,0.015,0.007,0.004,0.003,0.05,0.001,0.007,4.0,0.75,3.0,660.0,20.0,0.05,0.75,0.3,10.0,50.0,0.65,12.0,3.0,0.1,0.4,0.2,0.0,0.0,0.0,0.0,0.5,0.2,0.5,0.07,orchard
151,papa,perennial,temp_gro,0.0,0.0,30.0,0.44,4.5,0.05,0.05,0.4,0.95,0.99,1.0,7.5,3.5,30.0,10.0,0.5,0.0008,0.06,0.032,0.016,0.003,0.002,0.001,0.01,0.001,0.0036,4.0,0.75,8.0,660.0,31.0,0.05,0.75,0.3,10.0,20.0,0.45,12.0,3.0,0.1,0.4,0.2,0.0,0.0,0.0,0.0,0.5,0.2,0.5,0.07,papayas
152,part,warm_annual,temp_gro,0.0,100.0,33.0,0.4,3.0,0.15,0.5,0.5,0.95,0.6,1.0,1.0,2.0,25.0,10.0,0.065,0.0091,0.03,0.0265,0.0258,0.0074,0.0037,0.0035,0.2,0.001,0.007,4.0,0.75,8.0,660.0,45.0,0.05,0.01,1.0,10.0,50.0,0.6,12.0,3.0,0.99,0.4,0.2,0.0,0.0,0.0,0.0,0.5,0.2,0.5,0.07,parthenium
153,past,perennial,temp_gro,0.0,0.0,35.0,0.02,4.0,0.05,0.05,0.49,0.95,0.99,10.0,0.5,2.0,25.0,12.0,0.0234,0.0033,0.06,0.0231,0.0134,0.0084,0.0032,0.0019,0.9,0.005,0.005,4.0,0.75,10.0,660.0,36.0,0.05,2.0,0.3,2.0,40.0,0.65,12.0,3.0,1.0,0.4,0.2,0.0,0.0,0.0,0.0,0.5,0.2,0.5,0.07,pasture
154,pear,perennial,temp_gro,0.0,0.0,13.9,0.09,4.0,0.1,0.15,0.5,0.75,0.99,1.0,3.5,2.0,35.0,10.0,0.0019,0.0004,0.006,0.02,0.0015,0.0007,0.0004,0.0003,0.09,0.001,0.007,4.0,0.75,8.0,660.0,20.0,0.05,0.75,0.3,10.0,500.0,0.65,12.0,3.0,0.1,0.4,0.2,0.0,0.0,0.0,0.0,0.5,0.2,0.35,0.35,pear
155,peas,cold_annual,temp_gro,0.5,100.0,25.0,0.3,2.5,0.1,0.05,0.8,0.95,0.6,1.0,0.6,1.2,14.0,5.0,0.041,0.0051,0.004,0.003,0.0015,0.003,0.002,0.0015,0.22,0.2,0.005,4.0,0.75,5.0,660.0,34.0,0.05,0.0,0.0,0.0,0.0,0.65,12.0,3.0,0.1,0.4,0.2,0.0,0.0,0.0,0.0,0.5,0.2,0.5,0.024,garden_peas
156,pepp,perennial,temp_gro,0.0,0.0,30.0,0.6,2.0,0.15,0.05,0.5,0.95,0.6,0.1,0.8,1.1,27.0,18.0,0.003,0.002,0.06,0.035,0.025,0.0053,0.002,0.0012,0.3,0.0,0.007,0.5,0.75,8.0,660.0,39.0,0.05,0.0,0.0,0.0,0.0,0.65,12.0,3.0,0.1,0.4,0.2,0.0,0.0,0.0,0.0,0.5,0.2,0.5,0.024,peppers
157,pepr,warm_annual,temp_gro,0.0,90.0,30.0,0.6,5.0,0.15,0.05,0.5,0.95,0.6,1.0,0.5,1.2,27.0,18.0,0.0188,0.003,0.06,0.035,0.025,0.0053,0.002,0.0012,0.25,0.03,0.005,4.0,0.75,8.0,660.0,39.0,0.05,0.0,0.0,0.0,0.0,0.65,12.0,3.0,0.1,0.4,0.2,0.0,0.0,0.0,0.0,0.5,0.2,0.5,0.024,bell_pepper
158,pine,perennial,temp_gro,0.0,0.0,15.0,0.02,5.0,0.15,0.7,0.25,0.99,0.99,1.0,10.0,3.5,30.0,0.0,0.0015,0.0003,0.06,0.02,0.015,0.007,0.004,0.003,0.6,0.001,0.002,4.0,0.75,8.0,660.0,16.0,0.05,0.75,0.3,50.0,100.0,0.65,12.0,3.0,0.1,0.4,0.2,0.0,0.0,0.0,0.0,0.5,0.2,0.5,0.07,pine
159,pinp,perennial,temp_gro,0.0,0.0,30.0,0.7,4.0,0.05,0.05,0.4,0.95,0.99,1.0,1.0,3.5,30.0,10.0,0.0064,0.0008,0.06,0.032,0.016,0.003,0.002,0.001,0.01,0.001,0.0036,4.0,0.75,8.0,660.0,31.0,0.05,0.75,0.3,10.0,20.0,0.45,12.0,3.0,0.1,0.4,0.2,0.0,0.0,0.0,0.0,0.5,0.2,0.5,0.07,pineapple
160,plan,perennial,temp_gro,0.0,0.0,30.0,0.44,4.5,0.05,0.05,0.4,0.95,0.99,1.0,7.5,3.5,30.0,10.0,0.0064,0.0008,0.06,0.032,0.016,0.003,0.002,0.001,0.01,0.001,0.0036,4.0,0.75,8.0,660.0,31.0,0.05,0.75,0.3,10.0,20.0,0.45,12.0,3.0,0.1,0.4,0.2,0.0,0.0,0.0,0.0,0.5,0.2,0.5,0.07,plaintains
161,pmil,warm_annual,temp_gro,0.0,110.0,35.0,0.25,2.5,0.15,0.01,0.5,0.95,0.85,1.0,3.0,2.0,30.0,10.0,0.02,0.0028,0.044,0.03,0.01,0.006,0.0022,0.0012,0.1,0.2,0.014,4.0,0.75,8.0,660.0,40.0,0.05,0.0,0.0,0.0,0.0,0.65,12.0,3.0,0.1,0.4,0.2,0.0,0.0,0.0,0.0,0.5,0.2,0.53,0.028,pearl_millet
162,pmil100,warm_annual,temp_gro,0.0,100.0,35.0,0.25,2.5,0.15,0.01,0.5,0.95,0.85,1.0,3.0,2.0,30.0,10.0,0.02,0.0028,0.044,0.03,0.01,0.006,0.0022,0.0012,0.1,0.2,0.014,4.0,0.75,8.0,660.0,40.0,0.05,0.0,0.0,0.0,0.0,0.65,12.0,3.0,0.1,0.4,0.2,0.0,0.0,0.0,0.0,0.5,0.2,0.53,0.028,pearl_millet
163,pmil105,warm_annual,temp_gro,0.0,105.0,35.0,0.25,2.5,0.15,0.01,0.5,0.95,0.85,1.0,3.0,2.0,30.0,10.0,0.02,0.0028,0.044,0.03,0.01,0.006,0.0022,0.0012,0.1,0.2,0.014,4.0,0.75,8.0,660.0,40.0,0.05,0.0,0.0,0.0,0.0,0.65,12.0,3.0,0.1,0.4,0.2,0.0,0.0,0.0,0.0,0.5,0.2,0.53,0.028,pearl_millet
164,pmil110,warm_annual,temp_gro,0.0,110.0,35.0,0.25,2.5,0.15,0.01,0.5,0.95,0.85,1.0,3.0,2.0,30.0,10.0,0.02,0.0028,0.044,0.03,0.01,0.006,0.0022,0.0012,0.1,0.2,0.014,4.0,0.75,8.0,660.0,40.0,0.05,0.0,0.0,0.0,0.0,0.65,12.0,3.0,0.1,0.4,0.2,0.0,0.0,0.0,0.0,0.5,0.2,0.53,0.028,pearl_millet
165,pmil95,warm_annual,temp_gro,0.0,95.0,35.0,0.25,2.5,0.15,0.01,0.5,0.95,0.85,1.0,3.0,2.0,30.0,10.0,0.02,0.0028,0.044,0.03,0.01,0.006,0.0022,0.0012,0.1,0.2,0.014,4.0,0.75,8.0,660.0,40.0,0.05,0.0,0.0,0.0,0.0,0.65,12.0,3.0,0.1,0.4,0.2,0.0,0.0,0.0,0.0,0.5,0.2,0.53,0.028,pearl_millet
166,pnut,warm_annual_tuber,temp_gro,0.5,110.0,20.0,0.4,4.0,0.15,0.01,0.5,0.95,0.75,0.5,0.5,2.0,27.0,14.0,0.0505,0.004,0.0524,0.0265,0.0258,0.0074,0.0037,0.0035,0.3,0.2,0.006,4.0,0.75,4.0,660.0,25.0,0.05,0.0,0.0,0.0,0.0,0.65,12.0,3.0,0.1,0.4,0.7,0.0,0.0,0.0,0.0,0.5,0.2,0.5,0.028,peanut
167,popl,perennial,temp_gro,0.0,0.0,30.0,0.02,5.0,0.05,0.05,0.4,0.95,0.99,1.0,7.5,3.5,30.0,10.0,0.0015,0.0003,0.006,0.002,0.0015,0.0007,0.0004,0.0003,0.01,0.001,0.004,4.0,0.75,8.0,660.0,31.0,0.05,0.75,0.3,10.0,20.0,0.45,12.0,3.0,0.1,0.4,0.2,0.0,0.0,0.0,0.0,0.5,0.2,0.5,0.07,poplar
168,popy,warm_annual,temp_gro,0.0,100.0,34.0,0.3,4.5,0.15,0.02,0.45,0.95,0.78,1.0,1.3,1.4,21.0,5.0,0.038,0.0079,0.044,0.0164,0.0128,0.0074,0.0037,0.0023,0.12,0.2,0.0073,4.0,0.75,10.0,660.0,46.0,0.05,0.01,0.0,0.0,0.0,0.95,12.0,3.0,0.1,0.4,0.2,0.0,0.0,0.0,0.0,0.5,0.2,0.5,0.028,poppy
169,pota,cold_annual_tuber,temp_gro,0.0,100.0,30.0,1.05,5.0,0.15,0.01,0.5,0.95,0.6,10.0,1.2,2.0,17.0,4.4,0.0176,0.0022,0.035,0.02,0.012,0.006,0.0025,0.0019,1.05,0.2,0.007,4.0,0.75,10.0,660.41,30.0,0.05,2.0,0.0,0.0,0.0,0.65,12.0,3.0,0.1,0.4,0.2,0.0,0.0,0.0,0.0,0.5,0.2,0.5,0.028,potato
170,ptbn,warm_annual,temp_gro,0.5,90.0,25.0,0.3,1.5,0.15,0.05,0.5,0.95,0.9,1.0,0.8,1.7,25.0,10.0,0.065,0.0091,0.0524,0.0265,0.0258,0.0074,0.0037,0.0035,0.01,0.2,0.0071,4.0,0.75,8.0,660.0,34.0,0.05,0.0,0.0,0.0,0.0,0.45,12.0,3.0,0.1,0.4,0.2,0.0,0.0,0.0,0.0,0.5,0.2,0.5,0.5,pinto_beans
171,pump,warm_annual,temp_grp,0.0,100.0,30.0,0.5,1.5,0.15,0.01,0.5,0.95,0.6,1.0,0.8,1.1,35.0,10.0,0.0117,0.0011,0.025,0.015,0.01,0.0053,0.0025,0.0012,0.25,0.03,0.007,4.0,0.75,1.0,660.41,39.0,0.05,0.0,0.0,0.0,0.0,0.65,12.0,3.0,0.1,0.4,0.2,0.0,0.0,0.0,0.0,0.5,0.2,0.5,0.5,pumpkin
172,radi,cold_annual_tuber,temp_gro,0.0,90.0,30.0,0.02,3.5,0.15,0.01,0.5,0.95,0.6,1.0,0.3,1.2,24.0,7.0,0.0135,0.0036,0.055,0.0075,0.0012,0.006,0.003,0.002,0.9,0.2,0.006,4.0,0.75,10.0,660.0,35.0,0.05,0.0,0.0,0.0,0.0,0.65,12.0,3.0,0.1,0.4,0.2,0.0,0.0,0.0,0.0,0.5,0.2,0.5,0.024,radish
173,rasp,perennial,temp_grp,0.0,0.0,30.0,0.2,2.0,0.05,0.01,0.5,0.95,0.9,1.0,2.0,2.0,30.0,10.0,0.02,0.0025,0.01,0.004,0.003,0.0014,0.0008,0.0006,0.02,0.1,0.005,1.1,0.75,8.0,660.0,40.0,0.05,0.01,0.3,2.0,1.0,0.65,12.0,3.0,0.1,0.4,0.2,0.0,0.0,0.0,0.0,0.5,0.2,0.5,0.24,raspberries
174,rice,warm_annual,temp_gro,0.0,130.0,26.0,0.5,5.0,0.3,0.15,0.5,0.95,0.8,0.1,0.8,0.9,25.0,10.0,0.0136,0.0013,0.05,0.02,0.01,0.006,0.003,0.0018,0.25,0.03,0.008,4.0,0.75,5.0,660.0,31.0,0.05,0.0,0.0,0.0,0.0,0.35,12.0,3.0,0.1,0.4,0.2,0.0,0.0,0.0,0.0,0.5,1.0,0.53,0.028,rice
175,rice120,warm_annual,temp_gro,0.0,120.0,26.0,0.5,5.0,0.3,0.15,0.5,0.95,0.8,0.1,0.8,0.9,25.0,10.0,0.0136,0.0013,0.05,0.02,0.01,0.006,0.003,0.0018,0.25,0.03,0.008,4.0,0.75,5.0,660.0,31.0,0.05,0.0,0.0,0.0,0.0,0.35,12.0,3.0,0.1,0.4,0.2,0.0,0.0,0.0,0.0,0.5,1.0,0.53,0.028,rice
176,rice140,warm_annual,temp_gro,0.0,140.0,26.0,0.5,5.0,0.3,0.15,0.5,0.95,0.8,0.1,0.8,0.9,25.0,10.0,0.0136,0.0013,0.05,0.02,0.01,0.006,0.003,0.0018,0.25,0.03,0.008,4.0,0.75,5.0,660.0,31.0,0.05,0.0,0.0,0.0,0.0,0.35,12.0,3.0,0.1,0.4,0.2,0.0,0.0,0.0,0.0,0.5,1.0,0.53,0.028,rice
177,rice160,warm_annual,temp_gro,0.0,160.0,26.0,0.5,5.0,0.3,0.15,0.5,0.95,0.8,0.1,0.8,0.9,25.0,10.0,0.0136,0.0013,0.05,0.02,0.01,0.006,0.003,0.0018,0.25,0.03,0.008,4.0,0.75,5.0,660.0,31.0,0.05,0.0,0.0,0.0,0.0,0.35,12.0,3.0,0.1,0.4,0.2,0.0,0.0,0.0,0.0,0.5,1.0,0.53,0.028,rice
178,rice180,warm_annual,temp_gro,0.0,180.0,26.0,0.5,5.0,0.3,0.15,0.5,0.95,0.8,0.1,0.8,0.9,25.0,10.0,0.0136,0.0013,0.05,0.02,0.01,0.006,0.003,0.0018,0.25,0.03,0.008,4.0,0.75,5.0,660.0,31.0,0.05,0.0,0.0,0.0,0.0,0.35,12.0,3.0,0.1,0.4,0.2,0.0,0.0,0.0,0.0,0.5,1.0,0.53,0.028,rice
179,rngb,perennial,temp_gro,0.0,0.0,34.0,0.02,2.0,0.05,0.1,0.25,0.7,0.35,1.0,1.0,2.0,25.0,12.0,0.016,0.0022,0.02,0.012,0.005,0.0014,0.001,0.0007,0.9,0.003,0.005,4.0,0.75,10.0,660.0,39.0,0.05,0.05,0.3,10.0,30.0,0.33,12.0,3.0,0.1,0.4,0.2,0.0,0.0,0.0,0.0,0.5,0.2,0.5,0.07,range_brush
180,rngb_sudrf,perennial,moisture_gro,0.0,0.0,34.0,0.02,2.5,0.05,0.1,0.25,0.7,0.35,1.0,1.0,2.0,15.0,5.0,0.016,0.0022,0.02,0.012,0.005,0.0014,0.001,0.0007,0.9,0.003,0.005,4.0,0.75,10.0,660.0,39.0,0.05,2.0,0.3,30.0,140.0,0.33,12.0,3.0,0.1,0.4,0.2,0.0,0.0,0.0,0.0,0.5,0.2,0.5,0.07,range_brush_subtropical_dry_forest
181,rngb_suds,perennial,temp_gro,0.0,0.0,34.0,0.02,1.5,0.05,0.1,0.25,0.7,0.35,1.0,1.0,2.0,28.0,12.0,0.016,0.0022,0.02,0.012,0.005,0.0014,0.001,0.0007,0.9,0.003,0.005,4.0,0.75,10.0,660.0,39.0,0.05,0.4,0.3,30.0,18.0,0.33,12.0,3.0,0.1,0.4,0.2,0.0,0.0,0.0,0.0,0.5,0.2,0.5,0.07,range_brush_subtropical_desert
182,rngb_suhf,perennial,moisture_gro,0.0,0.0,34.0,0.02,2.0,0.05,0.1,0.25,0.7,0.35,1.0,1.0,2.0,26.0,12.0,0.016,0.0022,0.02,0.012,0.005,0.0014,0.001,0.0007,0.9,0.003,0.005,4.0,0.75,10.0,660.0,39.0,0.05,1.0,0.3,30.0,53.0,0.33,12.0,3.0,0.1,0.4,0.2,0.0,0.0,0.0,0.0,0.5,0.2,0.5,0.07,range_brush_subtropical_humid_forest
183,rngb_sums,perennial,moisture_gro,0.0,0.0,34.0,0.02,2.0,0.05,0.1,0.25,0.7,0.35,1.0,1.0,2.0,26.0,10.0,0.016,0.0022,0.02,0.012,0.005,0.0014,0.001,0.0007,0.9,0.003,0.005,4.0,0.75,10.0,660.0,39.0,0.05,1.0,0.3,30.0,53.0,0.33,12.0,3.0,0.1,0.4,0.2,0.0,0.0,0.0,0.0,0.5,0.2,0.5,0.07,range_brush_subtropical_mountain_systems
184,rngb_sust,perennial,moisture_gro,0.0,0.0,34.0,0.02,3.0,0.05,0.1,0.25,0.7,0.35,1.0,1.0,2.0,26.0,10.0,0.016,0.0022,0.02,0.012,0.005,0.0014,0.001,0.0007,0.9,0.003,0.005,4.0,0.75,10.0,660.0,39.0,0.05,0.3,0.3,30.0,53.0,0.33,12.0,3.0,0.1,0.4,0.2,0.0,0.0,0.0,0.0,0.5,0.2,0.5,0.07,range_brush_subtropical_steppe
185,rngb_tecf,perennial,temp_gro,0.0,0.0,34.0,0.02,2.0,0.05,0.1,0.25,0.7,0.35,1.0,1.0,2.0,20.0,8.0,0.016,0.0022,0.02,0.012,0.005,0.0014,0.001,0.0007,0.9,0.003,0.005,4.0,0.75,10.0,660.0,39.0,0.05,1.0,0.3,30.0,53.0,0.33,12.0,3.0,0.1,0.4,0.2,0.0,0.0,0.0,0.0,0.5,0.2,0.5,0.07,range_brush_temperate_continental_forest
186,rngb_teds,perennial,temp_gro,0.0,0.0,34.0,0.02,1.5,0.05,0.1,0.25,0.7,0.35,1.0,1.0,2.0,28.0,12.0,0.016,0.0022,0.02,0.012,0.005,0.0014,0.001,0.0007,0.9,0.003,0.005,4.0,0.75,10.0,660.0,39.0,0.05,0.4,0.3,30.0,18.0,0.33,12.0,3.0,0.1,0.4,0.2,0.0,0.0,0.0,0.0,0.5,0.2,0.5,0.07,range_brush_temperate_desert
187,rngb_tems,perennial,temp_gro,0.0,0.0,34.0,0.02,2.0,0.05,0.1,0.25,0.7,0.35,1.0,1.0,2.0,20.0,0.0,0.016,0.0022,0.02,0.012,0.005,0.0014,0.001,0.0007,0.9,0.003,0.005,4.0,0.75,10.0,660.0,39.0,0.05,1.0,0.3,30.0,53.0,0.33,12.0,3.0,0.1,0.4,0.2,0.0,0.0,0.0,0.0,0.5,0.2,0.5,0.07,range_brush_temperate_mountain_systems
188,rngb_teof,perennial,temp_gro,0.0,0.0,34.0,0.02,2.5,0.05,0.1,0.25,0.7,0.35,1.0,1.0,2.0,20.0,10.0,0.016,0.0022,0.02,0.012,0.005,0.0014,0.001,0.0007,0.9,0.003,0.005,4.0,0.75,10.0,660.0,39.0,0.05,2.0,0.3,30.0,140.0,0.33,12.0,3.0,0.1,0.4,0.2,0.0,0.0,0.0,0.0,0.5,0.2,0.5,0.07,range_brush_temperate_oceanic_forest
189,rngb_test,perennial,temp_gro,0.0,0.0,34.0,0.02,3.0,0.05,0.1,0.25,0.7,0.35,1.0,1.0,2.0,25.0,0.0,0.016,0.0022,0.02,0.012,0.005,0.0014,0.001,0.0007,0.9,0.003,0.005,4.0,0.75,10.0,660.0,39.0,0.05,0.3,0.3,30.0,53.0,0.33,12.0,3.0,0.1,0.4,0.2,0.0,0.0,0.0,0.0,0.5,0.2,0.5,0.07,range_brush_temperate_steppe
190,rnge,perennial,temp_gro,0.0,0.0,34.0,0.02,2.5,0.05,0.1,0.25,0.7,0.35,1.0,1.0,2.0,25.0,12.0,0.016,0.0022,0.02,0.012,0.005,0.0014,0.001,0.0007,0.9,0.003,0.005,4.0,0.75,10.0,660.0,39.0,0.05,0.05,0.3,10.0,30.0,0.33,12.0,3.0,1.0,0.4,0.2,0.0,0.0,0.0,0.0,0.5,0.2,0.5,0.07,range_grasses
191,rnge_sudrf,perennial,moisture_gro,0.0,0.0,34.0,0.02,2.5,0.05,0.1,0.25,0.7,0.35,1.0,1.0,2.0,15.0,0.0,0.016,0.0022,0.02,0.012,0.005,0.0014,0.001,0.0007,0.9,0.003,0.005,4.0,0.75,10.0,660.0,39.0,0.05,0.5,0.3,30.0,53.0,0.33,12.0,3.0,1.0,0.4,0.2,0.0,0.0,0.0,0.0,0.5,0.2,0.5,0.07,range_grasses_subtropical_dry_forest
192,rnge_suds,perennial,moisture_gro,0.0,0.0,34.0,0.02,2.0,0.05,0.1,0.25,0.7,0.35,1.0,1.0,2.0,26.0,5.0,0.016,0.0022,0.02,0.012,0.005,0.0014,0.001,0.0007,0.9,0.003,0.005,4.0,0.75,10.0,660.0,39.0,0.05,0.2,0.3,30.0,18.0,0.33,12.0,3.0,1.0,0.4,0.2,0.0,0.0,0.0,0.0,0.5,0.2,0.5,0.07,range_grasses_subtropical_desert
193,rnge_suhf,perennial,moisture_gro,0.0,0.0,34.0,0.02,2.0,0.05,0.1,0.25,0.7,0.35,1.0,1.0,2.0,26.0,12.0,0.016,0.0022,0.02,0.012,0.005,0.0014,0.001,0.0007,0.9,0.003,0.005,4.0,0.75,10.0,660.0,39.0,0.05,1.0,0.3,30.0,53.0,0.33,12.0,3.0,1.0,0.4,0.2,0.0,0.0,0.0,0.0,0.5,0.2,0.5,0.07,range_grasses_subtropical_humid_forest
194,rnge_sums,perennial,moisture_gro,0.0,0.0,34.0,0.02,2.0,0.05,0.1,0.25,0.7,0.35,1.0,1.0,2.0,26.0,0.0,0.016,0.0022,0.02,0.012,0.005,0.0014,0.001,0.0007,0.9,0.003,0.005,4.0,0.75,10.0,660.0,39.0,0.05,1.0,0.3,30.0,53.0,0.33,12.0,3.0,1.0,0.4,0.2,0.0,0.0,0.0,0.0,0.5,0.2,0.5,0.07,range_grasses_subtropical_mountain_systems
195,rnge_sust,perennial,moisture_gro,0.0,0.0,34.0,0.02,3.0,0.05,0.1,0.25,0.7,0.35,1.0,1.0,2.0,26.0,10.0,0.016,0.0022,0.02,0.012,0.005,0.0014,0.001,0.0007,0.9,0.003,0.005,4.0,0.75,10.0,660.0,39.0,0.05,0.3,0.3,30.0,53.0,0.33,12.0,3.0,1.0,0.4,0.2,0.0,0.0,0.0,0.0,0.5,0.2,0.5,0.07,range_grasses_subtropical_steppe
196,rnge_tecf,perennial,temp_gro,0.0,0.0,34.0,0.02,2.0,0.05,0.1,0.25,0.7,0.35,1.0,1.0,2.0,20.0,8.0,0.016,0.0022,0.02,0.012,0.005,0.0014,0.001,0.0007,0.9,0.003,0.005,4.0,0.75,10.0,660.0,39.0,0.05,1.0,0.3,30.0,53.0,0.33,12.0,3.0,1.0,0.4,0.2,0.0,0.0,0.0,0.0,0.5,0.2,0.5,0.07,range_grasses_temperate_continental_forest
197,rnge_teds,perennial,temp_gro,0.0,0.0,34.0,0.02,2.0,0.05,0.1,0.25,0.7,0.35,1.0,1.0,2.0,26.0,5.0,0.016,0.0022,0.02,0.012,0.005,0.0014,0.001,0.0007,0.9,0.003,0.005,4.0,0.75,10.0,660.0,39.0,0.05,0.2,0.3,30.0,18.0,0.33,12.0,3.0,1.0,0.4,0.2,0.0,0.0,0.0,0.0,0.5,0.2,0.5,0.07,range_grasses_temperate_desert
198,rnge_tems,perennial,temp_gro,0.0,0.0,34.0,0.02,2.0,0.05,0.1,0.25,0.7,0.35,1.0,1.0,2.0,20.0,0.0,0.016,0.0022,0.02,0.012,0.005,0.0014,0.001,0.0007,0.9,0.003,0.005,4.0,0.75,10.0,660.0,39.0,0.05,1.0,0.3,30.0,53.0,0.33,12.0,3.0,1.0,0.4,0.2,0.0,0.0,0.0,0.0,0.5,0.2,0.5,0.07,range_grasses_temperate_mountain_systems
199,rnge_teof,perennial,temp_gro,0.0,0.0,34.0,0.02,2.5,0.05,0.1,0.25,0.7,0.35,1.0,1.0,2.0,20.0,0.0,0.016,0.0022,0.02,0.012,0.005,0.0014,0.001,0.0007,0.9,0.003,0.005,4.0,0.75,10.0,660.0,39.0,0.05,2.0,0.3,30.0,90.0,0.33,12.0,3.0,1.0,0.4,0.2,0.0,0.0,0.0,0.0,0.5,0.2,0.5,0.07,range_grasses_temperate_oceanic_forest
200,rnge_test,perennial,temp_gro,0.0,0.0,34.0,0.02,3.0,0.05,0.1,0.25,0.7,0.35,1.0,1.0,2.0,25.0,0.0,0.016,0.0022,0.02,0.012,0.005,0.0014,0.001,0.0007,0.9,0.003,0.005,4.0,0.75,10.0,660.0,39.0,0.05,0.3,0.3,30.0,53.0,0.33,12.0,3.0,1.0,0.4,0.2,0.0,0.0,0.0,0.0,0.5,0.2,0.5,0.07,range_grasses_temperate_steppe
201,rubr,perennial,temp_gro,0.0,0.0,5.6,0.02,2.6,0.1,0.15,0.5,0.75,0.99,1.0,3.5,2.0,20.0,7.0,0.0019,0.0004,0.006,0.002,0.0015,0.0007,0.0004,0.0003,0.05,0.001,0.0071,4.0,0.75,3.0,660.0,20.0,0.05,0.75,0.3,10.0,50.0,0.65,12.0,3.0,0.1,0.4,0.2,0.0,0.0,0.0,0.0,0.5,0.2,0.5,0.07,rubber
202,rye,cold_annual,temp_gro,0.0,90.0,35.0,0.4,4.0,0.15,0.01,0.5,0.95,0.8,1.0,1.0,1.8,12.5,0.0,0.0284,0.0042,0.06,0.0231,0.0134,0.0084,0.0032,0.0019,0.2,0.03,0.01,4.0,0.75,7.0,660.0,45.0,0.05,0.0,0.0,0.0,0.0,0.65,12.0,3.0,0.1,0.4,0.2,0.0,0.0,0.0,0.0,0.5,0.2,0.5,0.07,rye
203,rye90,cold_annual,temp_gro,0.0,90.0,35.0,0.4,4.0,0.15,0.01,0.5,0.95,0.8,1.0,1.0,1.8,12.5,0.0,0.0284,0.0042,0.06,0.0231,0.0134,0.0084,0.0032,0.0019,0.2,0.03,0.01,4.0,0.75,7.0,660.0,45.0,0.05,0.0,0.0,0.0,0.0,0.65,12.0,3.0,0.1,0.4,0.2,0.0,0.0,0.0,0.0,0.5,0.2,0.5,0.07,rye
204,ryea,perennial,temp_gro,0.0,0.0,30.0,0.02,3.0,0.35,0.02,0.62,0.95,0.8,1.0,1.1,1.3,15.0,0.0,0.023,0.0037,0.0226,0.018,0.014,0.004,0.004,0.0024,0.9,0.03,0.005,4.0,0.75,8.0,660.0,46.0,0.05,2.0,0.3,2.0,30.0,0.65,12.0,3.0,1.0,0.4,0.2,0.0,0.0,0.0,0.0,0.5,0.2,0.5,0.07,altai_wildrye
205,ryeg,cold_annual,temp_gro,0.0,110.0,30.0,0.02,4.0,0.2,0.32,0.45,0.95,0.5,1.0,0.8,1.3,18.0,0.0,0.022,0.0028,0.066,0.0254,0.0147,0.0105,0.004,0.0024,0.9,0.03,0.005,4.0,0.75,6.0,660.0,39.0,0.05,0.0,0.0,0.0,0.0,0.65,12.0,3.0,1.0,0.4,0.2,22.0,0.05,40.0,0.71,0.5,0.2,0.5,0.07,italian_annual
206,ryer,perennial,temp_gro,0.0,0.0,30.0,0.02,3.0,0.35,0.02,0.62,0.95,0.8,1.0,1.0,1.3,15.0,0.0,0.023,0.0037,0.0226,0.018,0.014,0.004,0.004,0.0024,0.9,0.03,0.006,4.0,0.75,8.0,660.0,39.0,0.05,2.0,0.3,2.0,30.0,0.65,12.0,3.0,1.0,0.4,0.2,0.0,0.0,0.0,0.0,0.5,0.2,0.5,0.07,russian_wildrye
207,sava,perennial,temp_gro,0.0,0.0,34.0,0.02,2.0,0.05,0.1,0.25,0.7,0.35,1.0,1.0,2.0,25.0,12.0,0.016,0.0022,0.02,0.012,0.005,0.0014,0.001,0.0007,0.9,0.003,0.005,4.0,0.75,10.0,660.0,39.0,0.05,0.15,44.0,65.0,76.5,0.82,12.0,3.0,1.0,0.4,0.2,0.0,0.0,0.0,0.0,0.5,0.2,0.5,0.07,savanna
208,scrn,warm_annual,temp_gro,0.0,100.0,39.0,0.55,3.0,0.15,0.01,0.5,0.95,0.5,0.5,2.5,2.0,35.0,10.0,0.0214,0.0037,0.047,0.0177,0.0138,0.0048,0.0018,0.0014,0.28,0.2,0.007,4.0,0.75,0.5,660.45,45.0,0.05,0.5,0.0,0.0,0.0,0.65,12.0,3.0,0.1,0.4,0.2,0.0,0.0,0.0,0.0,0.5,0.2,0.34,0.05,sweet_corn
209,sept,perennial,temp_gro,0.0,0.0,35.0,0.02,4.0,0.05,0.05,0.49,0.95,0.99,1.0,0.5,2.0,25.0,12.0,0.0234,0.0033,0.06,0.0231,0.0134,0.0084,0.0032,0.0019,0.9,0.003,0.005,4.0,0.75,10.0,660.0,36.0,0.05,0.75,0.3,2.0,30.0,1.0,12.0,3.0,0.1,0.4,0.2,0.0,0.0,0.0,0.0,0.5,0.2,0.5,0.05,septic_area
210,sesb,warm_annual,temp_gro,0.5,100.0,50.0,0.31,5.0,0.15,0.01,0.5,0.95,0.9,1.0,2.0,2.0,25.0,10.0,0.065,0.0091,0.05,0.02,0.015,0.0074,0.0037,0.0035,0.01,0.2,0.005,4.0,0.75,10.0,660.0,60.0,0.05,0.0,0.0,0.0,0.0,0.65,12.0,3.0,0.1,0.4,0.2,0.0,0.0,0.0,0.0,0.5,0.2,0.5,0.05,sesbania_canning
211,sgbt,warm_annual_tuber,temp_gro,0.0,100.0,30.0,0.02,5.0,0.05,0.05,0.5,0.95,0.6,1.0,1.2,2.0,18.0,4.0,0.013,0.002,0.055,0.02,0.012,0.006,0.0025,0.0019,1.1,0.2,0.007,4.0,0.75,10.0,660.0,35.0,0.05,0.0,0.0,0.0,0.0,0.65,12.0,3.0,0.1,0.4,0.7,0.0,0.0,0.0,0.0,0.5,0.2,0.5,0.05,sugarbeet
212,sghy,warm_annual,temp_gro,0.0,0.0,33.5,0.02,4.0,0.15,0.05,0.5,0.95,0.64,0.5,1.5,2.0,30.0,11.0,0.0199,0.0032,0.044,0.0164,0.0128,0.006,0.0022,0.0018,0.9,0.2,0.005,4.0,0.75,8.5,660.0,36.0,0.05,0.0,0.0,0.0,0.0,0.65,12.0,3.0,1.0,0.4,0.2,0.0,0.0,0.0,0.0,0.5,0.2,0.5,0.07,sorghum_hay
213,shrb,perennial,temp_gro,0.0,0.0,34.0,0.02,2.0,0.05,0.1,0.25,0.7,0.35,1.0,1.0,2.0,25.0,12.0,0.016,0.0022,0.02,0.012,0.005,0.0014,0.001,0.0007,0.9,0.003,0.005,4.0,0.75,10.0,660.0,39.0,0.05,0.15,39.0,61.0,74.0,0.8,12.0,3.0,0.0,0.4,0.2,0.0,0.0,0.0,0.0,0.5,0.2,0.5,0.07,shrubland
214,side,perennial,temp_gro,0.0,0.0,11.0,0.02,1.7,0.05,0.05,0.3,0.7,0.35,1.0,0.4,1.4,25.0,12.0,0.016,0.0022,0.02,0.01,0.006,0.0014,0.001,0.0007,0.9,0.003,0.005,4.0,0.75,10.0,660.0,21.0,0.05,2.0,0.3,2.0,30.0,1.12,12.0,3.0,1.0,0.4,0.2,0.0,0.0,0.0,0.0,0.5,0.2,0.5,0.05,sideoats_grama
215,snpb,warm_annual,temp_gro,0.5,90.0,25.0,0.4,2.0,0.58,0.05,0.89,0.99,0.75,1.0,0.44,1.1,30.0,8.0,0.0375,0.0047,0.045,0.03,0.025,0.0045,0.003,0.0025,0.3,0.2,0.01,4.0,0.75,1.0,660.0,27.0,0.05,0.0,0.0,0.0,0.0,0.65,12.0,3.0,0.01,0.4,0.2,0.0,0.0,0.0,0.0,0.5,0.2,0.5,0.05,snap_beans
216,soyb,warm_annual,temp_gro,0.5,120.0,25.0,0.31,5.0,0.15,0.15,0.5,0.95,0.9,1.0,0.8,2.0,25.0,10.0,0.0699,0.0077,0.0524,0.0265,0.0258,0.0074,0.0037,0.0035,0.01,0.14,0.007,4.0,0.75,8.0,660.0,34.0,0.05,0.0,0.0,0.0,0.0,0.45,12.0,3.0,0.1,0.4,0.2,0.0,0.0,0.0,0.0,0.5,0.2,0.53,0.05,soybean
217,soyb100,warm_annual,temp_gro,0.5,100.0,25.0,0.31,5.0,0.15,0.15,0.5,0.95,0.9,1.0,0.8,2.0,25.0,10.0,0.0699,0.0077,0.0524,0.0265,0.0258,0.0074,0.0037,0.0035,0.01,0.14,0.007,4.0,0.75,8.0,660.0,34.0,0.05,0.0,0.0,0.0,0.0,0.45,12.0,3.0,0.1,0.4,0.2,0.0,0.0,0.0,0.0,0.5,0.2,0.53,0.05,soybean
218,soyb105,warm_annual,temp_gro,0.5,105.0,25.0,0.31,5.0,0.15,0.15,0.5,0.95,0.9,1.0,0.8,2.0,25.0,10.0,0.0699,0.0077,0.0524,0.0265,0.0258,0.0074,0.0037,0.0035,0.01,0.14,0.007,4.0,0.75,8.0,660.0,34.0,0.05,0.0,0.0,0.0,0.0,0.45,12.0,3.0,0.1,0.4,0.2,0.0,0.0,0.0,0.0,0.5,0.2,0.53,0.05,soybean
219,soyb110,warm_annual,temp_gro,0.5,110.0,25.0,0.31,5.0,0.15,0.15,0.5,0.95,0.9,1.0,0.8,2.0,25.0,10.0,0.0699,0.0077,0.0524,0.0265,0.0258,0.0074,0.0037,0.0035,0.01,0.14,0.007,4.0,0.75,8.0,660.0,34.0,0.05,0.0,0.0,0.0,0.0,0.45,12.0,3.0,0.1,0.4,0.2,0.0,0.0,0.0,0.0,0.5,0.2,0.53,0.05,soybean
220,soyb115,warm_annual,temp_gro,0.5,115.0,25.0,0.31,5.0,0.15,0.15,0.5,0.95,0.9,1.0,0.8,2.0,25.0,10.0,0.0699,0.0077,0.0524,0.0265,0.0258,0.0074,0.0037,0.0035,0.01,0.14,0.007,4.0,0.75,8.0,660.0,34.0,0.05,0.0,0.0,0.0,0.0,0.45,12.0,3.0,0.1,0.4,0.2,0.0,0.0,0.0,0.0,0.5,0.2,0.53,0.05,soybean
221,soyb120,warm_annual,temp_gro,0.5,120.0,25.0,0.31,5.0,0.15,0.15,0.5,0.95,0.9,1.0,0.8,2.0,25.0,10.0,0.0699,0.0077,0.0524,0.0265,0.0258,0.0074,0.0037,0.0035,0.01,0.14,0.007,4.0,0.75,8.0,660.0,34.0,0.05,0.0,0.0,0.0,0.0,0.45,12.0,3.0,0.1,0.4,0.2,0.0,0.0,0.0,0.0,0.5,0.2,0.53,0.05,soybean
222,spas,perennial,temp_gro,0.0,0.0,35.0,0.02,4.0,0.05,0.05,0.49,0.95,0.99,1.0,0.5,2.0,25.0,12.0,0.0234,0.0033,0.06,0.0231,0.0134,0.0084,0.0032,0.0019,0.9,0.003,0.005,4.0,0.75,10.0,660.0,36.0,0.05,2.0,0.3,2.0,40.0,0.65,12.0,3.0,1.0,0.4,0.2,0.0,0.0,0.0,0.0,0.5,0.2,0.5,0.07,summer_pasture
223,spin,cold_annual,temp_gro,0.0,90.0,30.0,0.95,4.2,0.1,0.05,0.9,0.95,0.95,0.1,1.2,0.7,24.0,10.0,0.0544,0.0058,0.07,0.04,0.03,0.005,0.004,0.0035,0.95,0.2,0.01,4.0,0.75,0.1,660.41,35.0,0.05,0.1,0.0,0.0,0.0,0.65,12.0,3.0,0.1,0.4,0.2,0.0,0.0,0.0,0.0,0.5,0.2,0.5,0.028,spinach
224,spot,warm_annual_tuber,temp_gro,0.0,100.0,15.0,1.4,5.0,0.15,0.05,0.5,0.95,0.6,1.0,0.8,2.0,29.0,14.0,0.0097,0.001,0.0532,0.02,0.011,0.0078,0.0033,0.0015,1.4,0.05,0.01,4.0,0.75,1.0,660.2,19.0,0.05,1.0,0.0,0.0,0.0,0.65,12.0,3.0,0.1,0.4,0.2,0.0,0.0,0.0,0.0,0.5,0.2,0.5,0.028,sweetpotato
225,squa,warm_annual,temp_gro,0.0,100.0,25.0,0.64,1.5,0.15,0.05,0.5,0.95,0.75,1.0,0.55,1.1,25.0,7.5,0.0117,0.0011,0.025,0.015,0.01,0.0053,0.0025,0.0012,0.25,0.03,0.007,4.0,0.75,1.0,660.41,39.0,0.05,0.0,0.0,0.0,0.0,0.65,12.0,3.0,0.1,0.4,0.2,0.0,0.0,0.0,0.0,0.5,0.2,0.05,0.05,squash
226,strw,perennial,temp_gro,0.0,0.0,33.0,0.5,3.0,0.15,0.05,0.5,0.95,0.6,1.0,0.8,0.7,32.0,3.8,0.0116,0.0023,0.0663,0.0255,0.0148,0.0053,0.002,0.0012,0.5,0.03,0.007,4.0,0.75,8.0,660.39,39.0,0.05,1.0,0.0,0.0,0.0,0.65,12.0,3.0,0.1,0.4,0.2,0.0,0.0,0.0,0.0,0.5,0.2,0.05,0.024,strawberry
227,sugc,perennial,temp_gro,0.0,0.0,25.0,0.02,6.0,0.15,0.01,0.5,0.95,0.75,0.1,3.0,2.0,25.0,11.0,0.0,0.0,0.01,0.004,0.0025,0.0075,0.003,0.0019,0.01,0.001,0.005,4.0,0.75,10.0,660.0,33.0,0.05,2.0,0.3,2.0,30.0,0.65,12.0,3.0,0.1,0.4,0.2,0.0,0.0,0.0,0.0,0.5,0.2,0.5,0.07,sugarcane
228,sunf,warm_annual,temp_gro,0.0,110.0,46.0,0.3,3.0,0.15,0.01,0.5,0.95,0.62,2.0,2.5,2.0,25.0,6.0,0.0454,0.0074,0.05,0.023,0.0146,0.0063,0.0029,0.0023,0.18,0.2,0.008,4.0,0.75,32.3,660.0,59.0,0.05,0.0,0.0,0.0,0.0,0.9,12.0,3.0,0.1,0.4,0.2,0.0,0.0,0.0,0.0,0.5,0.2,0.22,0.05,sunflower
229,sunf100,warm_annual,temp_gro,0.0,100.0,46.0,0.3,3.0,0.15,0.01,0.5,0.95,0.62,2.0,2.5,2.0,25.0,6.0,0.0454,0.0074,0.05,0.023,0.0146,0.0063,0.0029,0.0023,0.18,0.2,0.008,4.0,0.75,32.3,660.0,59.0,0.05,0.0,0.0,0.0,0.0,0.9,12.0,3.0,0.1,0.4,0.2,0.0,0.0,0.0,0.0,0.5,0.2,0.22,0.05,sunflower
230,sunf110,warm_annual,temp_gro,0.0,110.0,46.0,0.3,3.0,0.15,0.01,0.5,0.95,0.62,2.0,2.5,2.0,25.0,6.0,0.0454,0.0074,0.05,0.023,0.0146,0.0063,0.0029,0.0023,0.18,0.2,0.008,4.0,0.75,32.3,660.0,59.0,0.05,0.0,0.0,0.0,0.0,0.9,12.0,3.0,0.1,0.4,0.2,0.0,0.0,0.0,0.0,0.5,0.2,0.22,0.05,sunflower
231,sunf90,warm_annual,temp_gro,0.0,90.0,46.0,0.3,3.0,0.15,0.01,0.5,0.95,0.62,2.0,2.5,2.0,25.0,6.0,0.0454,0.0074,0.05,0.023,0.0146,0.0063,0.0029,0.0023,0.18,0.2,0.008,4.0,0.75,32.3,660.0,59.0,0.05,0.0,0.0,0.0,0.0,0.9,12.0,3.0,0.1,0.4,0.2,0.0,0.0,0.0,0.0,0.5,0.2,0.22,0.05,sunflower
232,swch,perennial,temp_gro,0.0,0.0,47.0,0.02,6.0,0.1,0.2,0.2,0.95,0.7,1.0,2.5,2.2,25.0,12.0,0.016,0.0022,0.035,0.015,0.0038,0.0014,0.001,0.0007,0.9,0.003,0.005,4.0,0.75,8.5,660.0,54.0,0.05,2.0,0.3,2.0,30.0,0.33,12.0,3.0,1.0,0.4,0.2,0.0,0.0,0.0,0.0,0.5,0.2,0.5,0.07,alamo_switchgrass
233,swgr,perennial,temp_gro,0.0,0.0,35.0,0.02,4.0,0.15,0.01,0.5,0.95,0.85,1.0,0.7,2.0,25.0,8.0,0.05,0.004,0.03,0.02,0.012,0.002,0.0015,0.0013,0.9,0.003,0.005,4.0,0.75,8.0,660.0,45.0,0.05,2.0,0.3,2.0,30.0,0.65,12.0,3.0,1.0,0.4,0.2,0.0,0.0,0.0,0.0,0.5,0.2,0.5,0.07,slender_wheatgrass
234,swht,cold_annual,temp_gro,0.0,120.0,35.0,0.42,4.0,0.15,0.05,0.5,0.95,0.6,1.0,0.9,2.0,18.0,0.0,0.0234,0.0033,0.06,0.0231,0.0134,0.0084,0.0032,0.0019,0.2,0.03,0.006,4.0,0.75,8.0,660.0,46.0,0.05,0.0,0.0,0.0,0.0,0.65,12.0,3.0,0.1,0.4,0.2,0.0,0.0,0.0,0.0,0.5,0.2,0.53,0.028,spring_wheat
235,swht110,cold_annual,temp_gro,0.0,110.0,35.0,0.42,4.0,0.15,0.05,0.5,0.95,0.6,1.0,0.9,2.0,18.0,0.0,0.0234,0.0033,0.06,0.0231,0.0134,0.0084,0.0032,0.0019,0.2,0.03,0.006,4.0,0.75,8.0,660.0,46.0,0.05,0.0,0.0,0.0,0.0,0.65,12.0,3.0,0.1,0.4,0.2,0.0,0.0,0.0,0.0,0.5,0.2,0.53,0.028,spring_wheat
236,swht120,cold_annual,temp_gro,0.0,120.0,35.0,0.42,4.0,0.15,0.05,0.5,0.95,0.6,1.0,0.9,2.0,18.0,0.0,0.0234,0.0033,0.06,0.0231,0.0134,0.0084,0.0032,0.0019,0.2,0.03,0.006,4.0,0.75,8.0,660.0,46.0,0.05,0.0,0.0,0.0,0.0,0.65,12.0,3.0,0.1,0.4,0.2,0.0,0.0,0.0,0.0,0.5,0.2,0.53,0.028,spring_wheat
237,swrn,perennial,temp_gro,0.0,0.0,34.0,0.02,1.5,0.05,0.1,0.25,0.7,0.35,1.0,1.0,2.0,25.0,12.0,0.016,0.0022,0.02,0.012,0.005,0.0014,0.001,0.0007,0.9,0.003,0.005,4.0,0.75,10.0,660.0,39.0,0.05,0.05,0.3,10.0,30.0,0.33,12.0,3.0,0.1,0.4,0.2,0.0,0.0,0.0,0.0,0.5,0.2,0.5,0.028,southwestern_us
238,teff,cold_annual,temp_gro,0.0,100.0,35.0,0.23,3.0,0.15,0.05,0.5,0.95,0.9,1.0,0.9,2.0,18.0,0.0,0.0234,0.0033,0.06,0.0231,0.0134,0.0084,0.0032,0.0019,0.2,0.03,0.0056,4.0,0.75,8.0,660.0,46.0,0.05,0.0,0.0,0.0,0.0,0.65,12.0,3.0,1.0,0.4,0.2,0.0,0.0,0.0,0.0,0.5,0.2,0.5,0.028,teff_grass
239,timo,perennial,temp_gro,0.0,0.0,35.0,0.02,4.0,0.15,0.01,0.5,0.95,0.85,1.0,0.8,2.0,25.0,8.0,0.0234,0.0033,0.0314,0.0137,0.0103,0.0038,0.0025,0.0019,0.9,0.003,0.005,4.0,0.75,8.0,660.0,45.0,0.05,2.0,0.3,2.0,30.0,0.65,12.0,3.0,1.0,0.4,0.2,0.0,0.0,0.0,0.0,0.5,0.2,0.5,0.07,timothy
240,tobc,warm_annual,temp_gro,0.0,160.0,39.0,0.02,4.5,0.15,0.05,0.5,0.95,0.7,1.0,1.8,2.0,25.0,10.0,0.014,0.0016,0.047,0.0177,0.0138,0.0048,0.0018,0.0014,0.55,0.2,0.005,4.0,0.75,8.0,660.0,44.0,0.05,0.0,0.0,0.0,0.0,0.65,12.0,3.0,0.1,0.4,0.2,0.0,0.0,0.0,0.0,0.5,0.2,0.5,0.05,tobacco
241,toma,warm_annual,temp_gro,0.0,90.0,30.0,0.6,3.0,0.15,0.05,0.5,0.95,0.95,0.1,0.8,1.5,27.0,10.0,0.0235,0.0038,0.0663,0.03,0.025,0.0053,0.0035,0.0025,0.33,0.03,0.007,4.0,0.75,0.1,660.41,39.0,0.05,0.1,0.0,0.0,0.0,0.65,12.0,3.0,0.1,0.4,0.2,0.0,0.0,0.0,0.0,0.5,0.2,0.5,0.024,tomato
242,trit,cold_annual,temp_gro,0.0,100.0,35.0,0.45,6.0,0.15,0.01,0.5,0.95,0.8,1.0,1.0,2.0,15.0,0.0,0.2,0.0033,0.06,0.023,0.0134,0.0084,0.0032,0.0019,0.03,0.001,0.007,4.75,0.5,6.0,660.0,47.0,0.05,0.75,0.3,10.0,50.0,0.61,12.0,3.0,0.1,0.4,0.2,0.0,0.0,0.0,0.0,0.5,0.2,0.5,0.028,triticale
243,tubg,perennial,temp_gro,0.0,0.0,32.0,0.02,2.25,0.2,0.06,0.44,0.83,0.58,1.0,1.05,1.65,15.0,0.0,0.0195,0.003,0.0213,0.015,0.0095,0.0027,0.0025,0.0016,0.9,0.017,0.005,4.0,0.75,9.0,660.0,42.5,0.05,0.13,35.0,60.0,73.0,0.79,12.0,3.0,0.0,0.4,0.2,0.0,0.0,0.0,0.0,0.5,0.2,0.5,0.02,bare_ground_tundra
244,tuhb,perennial,temp_gro,0.0,0.0,30.0,0.02,3.0,0.35,0.02,0.62,0.95,0.8,1.0,1.1,1.3,15.0,0.0,0.023,0.0037,0.0226,0.018,0.014,0.004,0.004,0.0024,0.9,0.03,0.005,4.0,0.75,8.0,660.0,46.0,0.05,0.1,31.0,59.0,72.0,0.79,12.0,3.0,0.0,0.4,0.2,0.0,0.0,0.0,0.0,0.5,0.2,0.5,0.05,herbaceous_tundra
245,tumi,perennial,temp_gro,0.0,0.0,32.0,0.02,2.25,0.2,0.06,0.44,0.83,0.58,1.0,1.05,1.65,15.0,0.0,0.0195,0.003,0.0213,0.015,0.0095,0.0027,0.0025,0.0016,0.9,0.017,0.005,4.0,0.75,9.0,660.0,42.5,0.05,0.13,35.0,60.0,73.0,0.79,12.0,3.0,0.0,0.4,0.2,0.0,0.0,0.0,0.0,0.5,0.2,0.5,0.05,mixed_tundra
246,tuwo,perennial,temp_gro,0.0,0.0,32.0,0.02,2.5,0.2,0.06,0.44,0.83,0.58,1.0,1.05,1.65,15.0,0.0,0.0195,0.003,0.0213,0.015,0.0095,0.0027,0.0025,0.0016,0.9,0.017,0.005,4.0,0.75,9.0,660.0,42.5,0.05,0.13,35.0,60.0,73.0,0.79,12.0,3.0,0.0,0.4,0.2,0.0,0.0,0.0,0.0,0.5,0.2,0.5,0.05,wooded_tundra
247,urbn_cool,perennial,temp_gro,0.0,0.0,30.0,0.02,4.0,0.15,0.01,0.5,0.95,0.8,1.0,1.5,2.0,15.0,0.0,0.0234,0.0033,0.056,0.021,0.012,0.0099,0.0022,0.0019,0.9,0.003,0.005,4.0,0.75,8.0,660.0,39.0,0.05,2.0,0.3,2.0,30.0,0.65,12.0,3.0,0.1,0.4,0.2,0.0,0.0,0.0,0.0,0.5,0.2,0.5,0.07,urban
248,urbn_warm,perennial,temp_gro,0.0,0.0,35.0,0.02,4.0,0.05,0.05,0.49,0.95,0.99,1.0,0.5,2.0,25.0,12.0,0.0234,0.0033,0.06,0.0231,0.0134,0.0084,0.0032,0.0019,0.9,0.003,0.005,4.0,0.75,10.0,660.0,36.0,0.05,2.0,0.3,2.0,30.0,1.0,12.0,3.0,0.1,0.4,0.2,0.0,0.0,0.0,0.0,0.5,0.2,0.5,0.07,urban
249,waln,perennial,temp_gro,0.0,0.0,15.0,0.1,4.0,0.1,0.15,0.5,0.75,0.99,1.0,3.5,2.0,20.0,7.0,0.0019,0.0004,0.006,0.002,0.0015,0.0007,0.0004,0.0003,0.05,0.001,0.007,4.0,0.75,3.0,660.0,20.0,0.05,0.75,0.3,10.0,500.0,0.65,12.0,3.0,0.1,0.4,0.2,0.0,0.0,0.0,0.0,0.5,0.2,0.5,0.07,walnut
250,wbar,cold_annual,temp_gro,0.0,100.0,30.0,0.54,4.0,0.05,0.05,0.45,0.95,0.9,1.0,0.9,1.3,18.0,0.0,0.025,0.0022,0.0663,0.0255,0.0148,0.0053,0.002,0.0012,0.2,0.03,0.0056,4.0,0.75,6.0,660.0,39.0,0.05,0.0,0.0,0.0,0.0,0.65,12.0,3.0,0.1,0.4,0.2,0.0,0.0,0.0,0.0,0.5,0.2,0.5,0.07,winter_barley
251,wehb,perennial,temp_gro,0.0,0.0,47.0,0.02,6.0,0.1,0.2,0.2,0.95,0.7,1.0,2.5,2.2,25.0,12.0,0.016,0.0022,0.035,0.015,0.0038,0.0014,0.001,0.0007,0.9,0.003,0.005,4.0,0.75,8.5,660.0,54.0,0.05,0.05,49.0,69.0,79.0,0.84,12.0,3.0,0.0,0.4,0.2,0.0,0.0,0.0,0.0,0.5,0.2,0.5,0.07,herbaceous_wetland
252,wetf,perennial,temp_gro,0.0,0.0,15.0,0.02,5.0,0.05,0.05,0.4,0.95,0.99,1.0,6.0,3.5,30.0,10.0,0.0015,0.0003,0.06,0.02,0.015,0.007,0.004,0.003,0.01,0.001,0.002,4.0,0.75,8.0,660.0,16.0,0.05,0.75,0.3,30.0,100.0,0.65,12.0,3.0,0.1,0.4,0.2,0.0,0.0,0.0,0.0,0.5,0.2,0.5,0.07,wetlands_forested
253,wetl,perennial,temp_gro,0.0,0.0,47.0,0.02,6.0,0.1,0.2,0.2,0.95,0.7,1.0,2.5,2.2,25.0,12.0,0.016,0.0022,0.035,0.015,0.0038,0.0014,0.001,0.0007,0.9,0.003,0.005,4.0,0.75,8.5,660.0,54.0,0.05,0.75,0.3,30.0,100.0,0.65,12.0,3.0,0.1,0.4,0.2,0.0,0.0,0.0,0.0,0.5,0.2,0.5,0.07,wetlands_mixed
254,wetm,perennial,temp_gro,0.0,0.0,47.0,0.02,6.0,0.1,0.2,0.2,0.95,0.7,1.0,2.5,2.2,25.0,12.0,0.016,0.0022,0.035,0.015,0.0038,0.0014,0.001,0.0007,0.9,0.003,0.005,4.0,0.75,8.5,660.0,54.0,0.05,0.75,0.3,30.0,100.0,0.65,12.0,3.0,0.1,0.4,0.2,0.0,0.0,0.0,0.0,0.5,0.8,0.35,0.07,wetland_mixed
255,wetn,perennial,temp_gro,0.0,0.0,47.0,0.02,6.0,0.1,0.2,0.2,0.95,0.7,1.0,2.5,2.2,25.0,12.0,0.016,0.0022,0.035,0.015,0.0038,0.0014,0.001,0.0007,0.9,0.003,0.005,4.0,0.75,8.5,660.0,54.0,0.05,0.75,0.3,30.0,100.0,0.65,12.0,3.0,0.1,0.4,0.2,0.0,0.0,0.0,0.0,0.5,0.2,0.5,0.07,wetlands_non_forested
256,wetw,perennial,temp_gro,0.0,0.0,47.0,0.02,6.0,0.1,0.2,0.2,0.95,0.7,1.0,2.5,2.2,25.0,12.0,0.016,0.0022,0.035,0.015,0.0038,0.0014,0.001,0.0007,0.9,0.003,0.005,4.0,0.75,8.5,660.0,54.0,0.05,0.75,0.3,30.0,100.0,0.65,12.0,3.0,0.1,0.4,0.2,0.0,0.0,0.0,0.0,0.5,0.8,0.35,0.07,wetland_wet
257,wewo,perennial,temp_gro,0.0,0.0,15.0,0.02,5.0,0.05,0.05,0.4,0.95,0.99,1.0,6.0,3.5,30.0,10.0,0.0015,0.0003,0.06,0.02,0.015,0.007,0.004,0.003,0.01,0.001,0.002,4.0,0.75,8.0,660.0,16.0,0.05,0.05,45.0,66.0,77.0,0.83,12.0,3.0,0.0,0.4,0.2,0.0,0.0,0.0,0.0,0.5,0.2,0.5,0.07,wooded_wetland
258,will,perennial,temp_gro,0.0,0.0,30.0,0.02,5.0,0.05,0.05,0.4,0.95,0.99,1.0,7.5,3.5,30.0,10.0,0.0015,0.0003,0.06,0.02,0.015,0.007,0.004,0.003,0.01,0.001,0.0036,4.0,0.75,8.0,660.0,31.0,0.05,0.75,0.3,10.0,20.0,0.45,12.0,3.0,0.1,0.4,0.2,0.0,0.0,0.0,0.0,0.5,0.2,0.5,0.07,willow
259,wmel,warm_annual,temp_gro,0.0,90.0,30.0,0.5,1.5,0.15,0.05,0.5,0.95,0.6,1.0,0.5,2.0,35.0,18.0,0.0117,0.0011,0.0663,0.0075,0.0048,0.0053,0.0025,0.0012,0.25,0.03,0.006,4.0,0.75,3.0,660.0,39.0,0.05,0.0,0.0,0.0,0.0,0.65,12.0,3.0,0.1,0.4,0.2,0.0,0.0,0.0,0.0,0.5,0.2,0.5,0.028,watermelon
260,wpas,perennial,temp_gro,0.0,0.0,30.0,0.02,4.0,0.15,0.01,0.5,0.95,0.8,1.0,1.5,2.0,15.0,0.0,0.0234,0.0033,0.056,0.021,0.012,0.0099,0.0022,0.0019,0.9,0.003,0.005,4.0,0.75,8.0,660.0,39.0,0.05,2.0,0.3,2.0,40.0,0.65,12.0,3.0,0.1,0.4,0.2,0.0,0.0,0.0,0.0,0.5,0.2,0.5,0.07,winter_pasture
261,wspr,perennial,temp_gro,0.0,0.0,15.0,0.02,5.0,15.0,0.7,25.0,0.99,0.99,1.0,35.0,3.0,30.0,0.0,0.0015,0.0003,0.06,0.02,0.015,0.007,0.004,0.003,0.6,0.001,0.007,-6.5,1.0,8.0,660.0,25.0,0.05,0.75,0.3,50.0,100.0,0.52,12.0,3.0,0.1,0.4,0.2,0.0,0.0,0.0,0.0,0.5,0.2,0.5,0.07,white_sprice
262,wwgr,perennial,temp_gro,0.0,0.0,35.0,0.02,4.0,0.5,0.02,0.89,0.95,0.85,1.0,0.6,1.3,25.0,6.0,0.05,0.004,0.03,0.02,0.012,0.002,0.0015,0.0013,0.9,0.003,0.008,4.0,0.75,8.0,660.0,45.0,0.05,2.0,0.3,2.0,30.0,0.65,12.0,3.0,0.1,0.4,0.2,0.0,0.0,0.0,0.0,0.5,0.2,0.5,0.07,western_wheatgrass
263,wwht,cold_annual,temp_gro,0.0,160.0,30.0,0.4,4.0,0.05,0.05,0.45,0.95,0.5,1.0,0.9,1.3,18.0,0.0,0.025,0.0022,0.0663,0.0255,0.0148,0.0053,0.002,0.0012,0.2,0.03,0.006,4.0,0.75,6.0,660.0,39.0,0.05,0.0,0.0,0.0,0.0,0.65,12.0,3.0,0.1,0.4,0.2,0.0,0.0,0.0,0.0,0.5,0.2,0.53,0.028,winter_wheat
264,wwht150,cold_annual,temp_gro,0.0,150.0,30.0,0.4,4.0,0.05,0.05,0.45,0.95,0.5,1.0,0.9,1.3,18.0,0.0,0.025,0.0022,0.0663,0.0255,0.0148,0.0053,0.002,0.0012,0.2,0.03,0.006,4.0,0.75,6.0,660.0,39.0,0.05,0.0,0.0,0.0,0.0,0.65,12.0,3.0,0.1,0.4,0.2,0.0,0.0,0.0,0.0,0.5,0.2,0.53,0.028,winter_wheat
265,wwht160,cold_annual,temp_gro,0.0,160.0,30.0,0.4,4.0,0.05,0.05,0.45,0.95,0.5,1.0,0.9,1.3,18.0,0.0,0.025,0.0022,0.0663,0.0255,0.0148,0.0053,0.002,0.0012,0.2,0.03,0.006,4.0,0.75,6.0,660.0,39.0,0.05,0.0,0.0,0.0,0.0,0.65,12.0,3.0,0.1,0.4,0.2,0.0,0.0,0.0,0.0,0.5,0.2,0.53,0.028,winter_wheat
266,wwht170,cold_annual,temp_gro,0.0,170.0,30.0,0.4,4.0,0.05,0.05,0.45,0.95,0.5,1.0,0.9,1.3,18.0,0.0,0.025,0.0022,0.0663,0.0255,0.0148,0.0053,0.002,0.0012,0.2,0.03,0.006,4.0,0.75,6.0,660.0,39.0,0.05,0.0,0.0,0.0,0.0,0.65,12.0,3.0,0.1,0.4,0.2,0.0,0.0,0.0,0.0,0.5,0.2,0.53,0.028,winter_wheat
267,peat,perennial,temp_gro,0.0,0.0,47.0,0.02,6.0,0.1,0.2,0.2,0.95,0.7,1.0,2.5,2.2,25.0,12.0,0.016,0.0022,0.035,0.015,0.0038,0.0014,0.001,0.0007,0.9,0.003,0.005,4.0,0.75,8.5,660.0,54.0,0.05,0.75,0.3,30.0,100.0,0.65,12.0,3.0,0.1,0.4,0.2,0.0,0.0,0.0,0.0,0.5,0.2,0.5,0.07,peatlands_merlin
268,fstp,perennial,temp_gro,0.0,0.0,34.25,0.4,3.5,0.1,0.05,0.5,0.95,0.82,1.0,0.75,2.0,27.5,11.5,0.0217,0.0033,0.052,0.0198,0.0131,0.0072,0.0027,0.0019,0.575,0.102,0.005,4.0,0.75,9.25,660.0,36.0,0.05,0.15,58.0,73.0,81.0,0.85,12.0,3.0,1.0,0.4,0.2,0.0,0.0,0.0,0.0,0.5,0.2,0.5,0.05,agriculture_filter_strip_merlin
